id,fullDate,year,month,day,time,descrip,district,nhood,address,street
1988,12jan2008,2008,1,12,1237,HOMICIDE,7,50,5738,TERRY AVE
2712,17jan2008,2008,1,17,400,HOMICIDE,7,48,5356,PAGE BLVD
3276,20jan2008,2008,1,20,2119,HOMICIDE,7,50,5826,ROOSEVELT PL
3400,21jan2008,2008,1,21,1738,HOMICIDE,1,16,3859,OHIO AVE
4689,30jan2008,2008,1,30,1534,HOMICIDE,8,0,4100,SAINT LOUIS AVE
4722,30jan2008,2008,1,30,1919,HOMICIDE,8,55,2418,N EUCLID AVE
5567,04feb2008,2008,2,4,1745,HOMICIDE,9,29,1646,S 39TH ST
6258,09feb2008,2008,2,9,1730,HOMICIDE,7,48,5617,ENRIGHT AVE
6295,09feb2008,2008,2,9,2259,HOMICIDE,6,71,5001,N KINGSHIGHWAY BLVD
6513,11feb2008,2008,2,11,2150,HOMICIDE,4,61,1500,CASS AVE
6634,12feb2008,2008,2,12,2224,HOMICIDE,4,36,1411,LOCUST ST
7203,16feb2008,2008,2,16,1651,HOMICIDE,8,55,4769,NORTHLAND AVE
7890,21feb2008,2008,2,21,2035,HOMICIDE,7,50,5889,LOTUS AVE
7929,22feb2008,2008,2,22,1044,HOMICIDE,6,68,4104,W LEE AVE
8064,23feb2008,2008,2,23,602,HOMICIDE,6,73,8527,TARA LN
8323,25feb2008,2008,2,25,1140,HOMICIDE,1,16,4734,S GRAND BLVD
8390,25feb2008,2008,2,25,2011,HOMICIDE,7,52,5241,LOTUS AVE
8391,25feb2008,2008,2,25,2025,HOMICIDE,6,71,4986,ROSALIE ST
8566,27feb2008,2008,2,27,205,HOMICIDE,7,50,5865,LOTUS AVE
8833,28feb2008,2008,2,28,1934,HOMICIDE,6,70,5957,FERRIS AVE
9522,02mar2008,2008,3,2,1800,HOMICIDE,0,0,4428,VISTA AVE
10089,06mar2008,2008,3,6,2300,HOMICIDE,7,46,5726,WATERMAN BLVD
10123,07mar2008,2008,3,7,450,HOMICIDE,6,69,4448,FARLIN AVE
10576,10mar2008,2008,3,10,1,HOMICIDE,6,68,4462,CLARENCE AVE
10581,10mar2008,2008,3,10,45,HOMICIDE,3,19,3724,MINNESOTA AVE
10839,11mar2008,2008,3,11,1535,HOMICIDE,6,68,4275,W CARTER AVE
11906,17mar2008,2008,3,17,1823,HOMICIDE,9,38,4990,CHILDRENS PL
14721,02apr2008,2008,4,2,1550,HOMICIDE,0,0,4947,ALCOTT AVE
15782,09apr2008,2008,4,9,120,HOMICIDE,8,58,4240,ENRIGHT AVE
16045,10apr2008,2008,4,10,1700,HOMICIDE,1,1,5232,LOUISIANA AVE
16790,14apr2008,2008,4,14,1900,HOMICIDE,8,56,3933,LABADIE AVE
16997,15apr2008,2008,4,15,2050,HOMICIDE,8,56,2500,CORA AVE
17334,17apr2008,2008,4,17,1730,HOMICIDE,4,36,1635,WASHINGTON AVE
17399,18apr2008,2008,4,18,20,HOMICIDE,7,51,5096,MINERVA AVE
17620,19apr2008,2008,4,19,244,HOMICIDE,6,68,4210,W SAN FRANCISCO AVE
17621,19apr2008,2008,4,19,244,HOMICIDE,6,68,4210,W SAN FRANCISCO AVE
17622,19apr2008,2008,4,19,244,HOMICIDE,6,68,4210,W SAN FRANCISCO AVE
17649,19apr2008,2008,4,19,1111,HOMICIDE,4,35,5,CARR ST
17972,21apr2008,2008,4,21,310,HOMICIDE,9,28,1027,S VANDEVENTER AVE
17973,21apr2008,2008,4,21,310,HOMICIDE,9,28,1027,S VANDEVENTER AVE
18520,23apr2008,2008,4,23,2310,HOMICIDE,7,50,5673,ASHLAND AVE
18706,25apr2008,2008,4,25,120,HOMICIDE,2,42,1515,HAMPTON AVE
19614,30apr2008,2008,4,30,2150,HOMICIDE,7,78,5353,WELLS AVE
20424,04may2008,2008,5,4,200,HOMICIDE,6,71,5402,ARLINGTON AVE
20509,04may2008,2008,5,4,1635,HOMICIDE,6,68,4233,W NATURAL BRIDGE AVE
21267,09may2008,2008,5,9,33,HOMICIDE,9,59,3051,THOMAS ST
21475,10may2008,2008,5,10,250,HOMICIDE,6,74,1199,RIVERVIEW BLVD
21476,10may2008,2008,5,10,250,HOMICIDE,6,74,1199,RIVERVIEW BLVD
21810,12may2008,2008,5,12,1230,HOMICIDE,4,63,1120,HOWARD ST
21811,12may2008,2008,5,12,1230,HOMICIDE,4,63,1120,HOWARD ST
21812,12may2008,2008,5,12,1245,HOMICIDE,5,67,4246,GANO AVE
21813,12may2008,2008,5,12,1245,HOMICIDE,5,67,4246,GANO AVE
21863,12may2008,2008,5,12,1911,HOMICIDE,5,67,4145,N GRAND BLVD
25441,16may2008,2008,5,16,1415,HOMICIDE,4,62,1211,N 7TH ST
22981,18may2008,2008,5,18,2205,HOMICIDE,5,59,3507,DODIER ST
23109,19may2008,2008,5,19,1625,HOMICIDE,6,72,5546,RIVERVIEW BLVD
23333,20may2008,2008,5,20,2150,HOMICIDE,6,76,5727,ERA AVE
23963,23may2008,2008,5,23,2250,HOMICIDE,9,59,1923,PRAIRIE AVE
23969,23may2008,2008,5,23,2325,HOMICIDE,8,55,4744,NORTHLAND AVE
25164,30may2008,2008,5,30,2010,HOMICIDE,3,23,2329,ANN AVE
25819,01jun2008,2008,6,1,2048,HOMICIDE,5,59,3520,NATURAL BRIDGE AVE
26008,02jun2008,2008,6,2,2018,HOMICIDE,6,71,5211,N EUCLID AVE
26628,06jun2008,2008,6,6,301,HOMICIDE,7,78,1449,ARLINGTON AVE
26955,07jun2008,2008,6,7,2145,HOMICIDE,5,65,4028,N 23RD ST
27064,08jun2008,2008,6,8,1216,HOMICIDE,3,30,3171,MINNESOTA AVE
27113,08jun2008,2008,6,8,1832,HOMICIDE,9,38,4900,BARNES JEWISH HOSPIT
27302,09jun2008,2008,6,9,1900,HOMICIDE,7,52,1515,N KINGSHIGHWAY BLVD
27376,10jun2008,2008,6,10,328,HOMICIDE,7,51,5133,CATES AVE
27381,10jun2008,2008,6,10,530,HOMICIDE,5,65,3921,N 25TH ST
27382,10jun2008,2008,6,10,530,HOMICIDE,5,65,3921,N 25TH ST
27647,11jun2008,2008,6,11,1610,HOMICIDE,6,71,4924,THEODORE AVE
28145,14jun2008,2008,6,14,209,HOMICIDE,3,19,3451,TEXAS AVE
28568,16jun2008,2008,6,16,1725,HOMICIDE,7,78,1456,BELT AVE
28968,19jun2008,2008,6,19,30,HOMICIDE,7,52,5143,NORTHLAND AVE
29086,19jun2008,2008,6,19,1800,HOMICIDE,6,69,4447,CATHERINE PL
29274,20jun2008,2008,6,20,1817,HOMICIDE,7,51,5116,PAGE BLVD
29643,22jun2008,2008,6,22,2024,HOMICIDE,6,76,5151,RIVERVIEW BLVD
30124,25jun2008,2008,6,25,1746,HOMICIDE,6,71,5043,CLAXTON AVE
30521,27jun2008,2008,6,27,2355,HOMICIDE,7,51,5126,RIDGE AVE
30721,28jun2008,2008,6,28,2302,HOMICIDE,6,69,4500,W FLORISSANT AVE
30793,29jun2008,2008,6,29,535,HOMICIDE,4,35,100,WASHINGTON AVE
30876,29jun2008,2008,6,29,2020,HOMICIDE,1,1,5226,LOUISIANA AVE
30883,29jun2008,2008,6,29,2152,HOMICIDE,6,76,6034,LUCILLE AVE
31005,30jun2008,2008,6,30,2023,HOMICIDE,7,78,5900,WELLS AVE
31515,01jul2008,2008,7,1,1951,HOMICIDE,6,72,5253,EMERSON AVE
31776,03jul2008,2008,7,3,450,HOMICIDE,6,74,9143,EDNA ST
32313,06jul2008,2008,7,6,314,HOMICIDE,7,50,5728,WABADA AVE
33032,10jul2008,2008,7,10,340,HOMICIDE,9,59,2712,HOWARD ST
34082,15jul2008,2008,7,15,1440,HOMICIDE,8,55,4757,DR MARTIN LUTHER KIN
35102,21jul2008,2008,7,21,145,HOMICIDE,3,15,4381,CHIPPEWA ST
35281,21jul2008,2008,7,21,2307,HOMICIDE,3,27,3938,BOTANICAL AVE
35486,22jul2008,2008,7,22,2227,HOMICIDE,8,56,4004,LABADIE AVE
35509,23jul2008,2008,7,23,58,HOMICIDE,7,78,1368,BURD AVE
36202,26jul2008,2008,7,26,1857,HOMICIDE,5,67,4130,GROVE ST
36284,27jul2008,2008,7,27,150,HOMICIDE,5,66,1521,E JOHN AVE
37909,03aug2008,2008,8,3,15,HOMICIDE,5,67,3842,LEE AVE
37981,03aug2008,2008,8,3,1300,HOMICIDE,9,59,3035,JAMES COOL PAPA BELL
38268,04aug2008,2008,8,4,2345,HOMICIDE,6,74,710,DODDRIDGE ST
38424,05aug2008,2008,8,5,2150,HOMICIDE,6,74,8233,CHURCH RD
38640,06aug2008,2008,8,6,2327,HOMICIDE,1,1,625,FILLMORE ST
38659,07aug2008,2008,8,7,140,HOMICIDE,9,59,1822,N GRAND BLVD
38836,08aug2008,2008,8,8,8,HOMICIDE,1,16,2920,KEOKUK ST
39076,09aug2008,2008,8,9,357,HOMICIDE,3,30,3117,IOWA AVE
39197,09aug2008,2008,8,9,2135,HOMICIDE,6,69,4026,DRYDEN AVE
39959,14aug2008,2008,8,14,233,HOMICIDE,6,72,0,HENNER AVE / BIRCHER
40539,17aug2008,2008,8,17,25,HOMICIDE,6,71,5031,ARLINGTON AVE
40648,17aug2008,2008,8,17,1935,HOMICIDE,1,16,4026,S COMPTON AVE
41032,19aug2008,2008,8,19,2218,HOMICIDE,1,16,3917,LOUISIANA AVE
41392,21aug2008,2008,8,21,1953,HOMICIDE,5,68,4218,FAIR AVE
41816,23aug2008,2008,8,23,2253,HOMICIDE,7,48,947,BEACH AVE
42921,29aug2008,2008,8,29,2324,HOMICIDE,6,74,0,N BROADWAY / WALL ST
43136,31aug2008,2008,8,31,41,HOMICIDE,1,4,3720,FRENCH AVE
43155,31aug2008,2008,8,31,155,HOMICIDE,9,59,3127,BRANTNER PL
43638,31aug2008,2008,8,31,2309,HOMICIDE,3,19,3546,GRAVOIS AVE
43650,01sep2008,2008,9,1,43,HOMICIDE,6,73,1621,MCLARAN AVE
43795,01sep2008,2008,9,1,1936,HOMICIDE,6,73,5956,ERA AVE
43827,01sep2008,2008,9,1,2150,HOMICIDE,3,22,2219,ARSENAL ST
43857,02sep2008,2008,9,2,20,HOMICIDE,8,56,4130,W NATURAL BRIDGE AVE
44219,03sep2008,2008,9,3,2232,HOMICIDE,6,71,5335,RUSKIN AVE
44720,06sep2008,2008,9,6,1500,HOMICIDE,6,74,434,CHRISTIAN AVE
44822,06sep2008,2008,9,6,2215,HOMICIDE,8,56,3949,COTE BRILLIANTE AVE
44883,07sep2008,2008,9,7,125,HOMICIDE,1,16,3635,ALBERTA ST
44915,07sep2008,2008,9,7,630,HOMICIDE,5,59,2800,N GARRISON AVE
45350,09sep2008,2008,9,9,1150,HOMICIDE,6,70,6016,GRIMSHAW AVE
46919,16sep2008,2008,9,16,2005,HOMICIDE,4,33,1508,LASALLE LN
47144,17sep2008,2008,9,17,2220,HOMICIDE,4,34,1210,S 6TH ST
47578,19sep2008,2008,9,19,2250,HOMICIDE,8,57,1721,BELLE GLADE AVE
47784,20sep2008,2008,9,20,2157,HOMICIDE,5,65,4105,N 20TH ST
48477,24sep2008,2008,9,24,2038,HOMICIDE,5,66,4813,N 20TH ST
48536,25sep2008,2008,9,25,207,HOMICIDE,5,66,4813,N 20TH ST
48991,27sep2008,2008,9,27,600,HOMICIDE,5,66,2025,E GRAND BLVD
49014,27sep2008,2008,9,27,1155,HOMICIDE,6,71,5038,THEKLA AVE
49024,27sep2008,2008,9,27,1258,HOMICIDE,6,76,5722,PAMPLIN PL
50052,01oct2008,2008,10,1,1947,HOMICIDE,9,29,1601,S SPRING AVE
50087,02oct2008,2008,10,2,20,HOMICIDE,7,51,5001,PAGE BLVD
50404,03oct2008,2008,10,3,2239,HOMICIDE,9,59,2815,GAMBLE ST
51409,09oct2008,2008,10,9,1943,HOMICIDE,7,50,3447,UNION BLVD
51621,10oct2008,2008,10,10,1934,HOMICIDE,9,38,4049,WEST PINE BLVD
51862,11oct2008,2008,10,11,2315,HOMICIDE,7,52,1602,ACADEMY AVE
52769,17oct2008,2008,10,17,228,HOMICIDE,5,59,3200,MONTGOMERY ST
53411,20oct2008,2008,10,20,2004,HOMICIDE,6,76,6313,LAURA AVE
53580,21oct2008,2008,10,21,2000,HOMICIDE,9,59,2807,THOMAS ST
53927,23oct2008,2008,10,23,1925,HOMICIDE,1,17,4501,MINNESOTA AVE
54432,26oct2008,2008,10,26,1220,HOMICIDE,5,59,2931,HEBERT ST
54915,29oct2008,2008,10,29,1636,HOMICIDE,7,48,5800,CABANNE AVE
116962,05nov2008,2008,11,5,245,HOMICIDE,9,59,1101,JEFFERSON
56424,05nov2008,2008,11,5,1705,HOMICIDE,6,75,10101,RIVERVIEW DR
56451,05nov2008,2008,11,5,1910,HOMICIDE,6,73,5926,ALPHA AVE
56512,06nov2008,2008,11,6,715,HOMICIDE,4,36,1501,MARKET ST
56680,07nov2008,2008,11,7,601,HOMICIDE,3,15,4169,PARKER AVE
56830,08nov2008,2008,11,8,700,HOMICIDE,2,12,2140,HAMPTON AVE
57299,11nov2008,2008,11,11,1800,HOMICIDE,6,69,4010,CORA AVE
57331,11nov2008,2008,11,11,2105,HOMICIDE,8,54,4737,MCMILLAN AVE
57692,14nov2008,2008,11,14,225,HOMICIDE,3,19,3319,POTOMAC ST
58030,16nov2008,2008,11,16,1347,HOMICIDE,3,25,3535,SIDNEY ST
58409,18nov2008,2008,11,18,2335,HOMICIDE,8,57,1508,WHITTIER ST
59554,25nov2008,2008,11,25,1725,HOMICIDE,8,55,2318,N EUCLID AVE
59599,25nov2008,2008,11,25,2105,HOMICIDE,8,58,3918,PAGE BLVD
60768,01dec2008,2008,12,1,1805,HOMICIDE,4,62,901,COLE ST
60795,01dec2008,2008,12,1,2200,HOMICIDE,7,52,3425,GERALDINE AVE
61441,05dec2008,2008,12,5,2043,HOMICIDE,8,57,1800,ANNIE MALONE DR
62444,12dec2008,2008,12,12,2147,HOMICIDE,7,50,5389,COTE BRILLIANTE AVE
62592,13dec2008,2008,12,13,1749,HOMICIDE,7,78,5302,DR MARTIN LUTHER KIN
62974,16dec2008,2008,12,16,2124,HOMICIDE,6,71,5424,GERALDINE AVE
62975,16dec2008,2008,12,16,2124,HOMICIDE,6,71,5424,GERALDINE AVE
63390,19dec2008,2008,12,19,2200,HOMICIDE,7,50,3417,SEMPLE AVE
64306,27dec2008,2008,12,27,1535,HOMICIDE,7,50,5746,GOODFELLOW PL
64426,28dec2008,2008,12,28,1350,HOMICIDE,6,68,4334,LEE AVE
66216,08jan2009,2009,1,8,2000,HOMICIDE,9,37,2942,LOCUST ST
66321,09jan2009,2009,1,9,1200,HOMICIDE,3,18,3604,SALENA ST
66700,11jan2009,2009,1,11,1830,HOMICIDE,7,50,3443,UNION BLVD
66701,11jan2009,2009,1,11,1830,HOMICIDE,7,50,3443,UNION BLVD
66841,12jan2009,2009,1,12,1750,HOMICIDE,1,16,3935,MINNESOTA AVE
69593,28jan2009,2009,1,28,930,HOMICIDE,3,15,4504,OLEATHA AVE
70602,07feb2009,2009,2,7,1739,HOMICIDE,6,72,4973,EMERSON AVE
70839,09feb2009,2009,2,9,957,HOMICIDE,3,19,3655,CALIFORNIA AVE
71463,13feb2009,2009,2,13,1526,HOMICIDE,8,55,4730,SAINT LOUIS AVE
72989,23feb2009,2009,2,23,2000,HOMICIDE,7,52,5146,TERRY AVE
72990,23feb2009,2009,2,23,2000,HOMICIDE,7,52,5146,TERRY AVE
73290,25feb2009,2009,2,25,2020,HOMICIDE,8,58,4112,PAGE BLVD
73291,25feb2009,2009,2,25,2020,HOMICIDE,8,58,4112,PAGE BLVD
73330,26feb2009,2009,2,26,13,HOMICIDE,7,50,1629,SEMPLE AVE
73472,27feb2009,2009,2,27,657,HOMICIDE,1,17,4518,MINNESOTA AVE
74293,03mar2009,2009,3,3,1620,HOMICIDE,6,74,8455,EDNA ST
75216,08mar2009,2009,3,8,2245,HOMICIDE,4,61,1717,COCHRAN PL
75379,10mar2009,2009,3,10,100,HOMICIDE,7,51,5014,MAPLE AVE
75755,12mar2009,2009,3,12,2000,HOMICIDE,3,30,3135,OREGON AVE
76611,17mar2009,2009,3,17,2057,HOMICIDE,5,59,3642,HEBERT ST
77057,20mar2009,2009,3,20,2000,HOMICIDE,1,16,4435,TENNESSEE AVE
77108,20mar2009,2009,3,20,2300,HOMICIDE,5,59,3018,N VANDEVENTER AVE
77824,25mar2009,2009,3,25,1900,HOMICIDE,7,50,5328,LOTUS AVE
77927,26mar2009,2009,3,26,1418,HOMICIDE,7,48,5441,PAGE BLVD
78409,29mar2009,2009,3,29,1739,HOMICIDE,7,48,6104,PAGE BLVD
79534,04apr2009,2009,4,4,10,HOMICIDE,5,68,4102,W FLORISSANT AVE
79693,04apr2009,2009,4,4,2300,HOMICIDE,6,72,4933,PLOVER AVE
79981,07apr2009,2009,4,7,350,HOMICIDE,5,59,2735,UNIVERSITY ST
80196,08apr2009,2009,4,8,1424,HOMICIDE,7,52,5212,HIGHLAND AVE
80224,08apr2009,2009,4,8,1757,HOMICIDE,8,55,4861,NORTHLAND AVE
80966,13apr2009,2009,4,13,2104,HOMICIDE,7,78,1435,AMHERST TER
82577,24apr2009,2009,4,24,145,HOMICIDE,5,60,2212,BENTON ST
83239,27apr2009,2009,4,27,2240,HOMICIDE,6,69,4611,NATURAL BRIDGE AVE
83968,01may2009,2009,5,1,100,HOMICIDE,5,60,2539,E DODIER ST
84301,03may2009,2009,5,3,45,HOMICIDE,1,2,750,E DAVIS ST
84436,04may2009,2009,5,4,22,HOMICIDE,5,64,3000,N BROADWAY
84560,04may2009,2009,5,4,1944,HOMICIDE,8,53,4907,FOUNTAIN AVE
85089,08may2009,2009,5,8,220,HOMICIDE,4,36,1820,MARKET ST
85090,08may2009,2009,5,8,220,HOMICIDE,4,36,1820,MARKET ST
85091,08may2009,2009,5,8,220,HOMICIDE,4,36,1820,MARKET ST
85178,08may2009,2009,5,8,1857,HOMICIDE,1,2,7427,S BROADWAY
85197,08may2009,2009,5,8,2021,HOMICIDE,8,53,1206,N KINGSHIGHWAY BLVD
86635,17may2009,2009,5,17,1640,HOMICIDE,3,30,3304,S COMPTON AVE
86647,17may2009,2009,5,17,1813,HOMICIDE,1,16,4002,PENNSYLVANIA AVE
86804,18may2009,2009,5,18,2050,HOMICIDE,8,54,1136,WALTON AVE
86932,19may2009,2009,5,19,1750,HOMICIDE,8,57,4261,W ALDINE AVE
87322,22may2009,2009,5,22,150,HOMICIDE,7,50,3336,ARLINGTON AVE
87411,22may2009,2009,5,22,1700,HOMICIDE,1,18,2200,ALBERTA ST
87643,23may2009,2009,5,23,1958,HOMICIDE,8,56,4141,SAINT LOUIS AVE
87996,25may2009,2009,5,25,2300,HOMICIDE,1,2,7320,VERMONT AVE
88116,26may2009,2009,5,26,1943,HOMICIDE,8,54,4730,NEWBERRY TER
89408,01jun2009,2009,6,1,2105,HOMICIDE,8,55,2725,MARCUS AVE
89409,01jun2009,2009,6,1,2120,HOMICIDE,7,50,5507,LABADIE AVE
89435,01jun2009,2009,6,1,2342,HOMICIDE,4,36,2000,MARKET ST
89436,01jun2009,2009,6,1,2342,HOMICIDE,4,36,2000,MARKET ST
111469,02jun2009,2009,6,2,200,HOMICIDE,5,66,4719,20TH
90995,11jun2009,2009,6,11,1030,HOMICIDE,3,24,2712,GEYER AVE
91675,15jun2009,2009,6,15,649,HOMICIDE,2,82,0,CITY: @KENNEDY FORES
91965,16jun2009,2009,6,16,2305,HOMICIDE,5,59,3852,KENNERLY AVE
92621,20jun2009,2009,6,20,2205,HOMICIDE,3,18,3700,KOSCIUSKO ST
92831,22jun2009,2009,6,22,223,HOMICIDE,5,68,4562,ADELAIDE AVE
93697,27jun2009,2009,6,27,545,HOMICIDE,5,65,1900,MALLINCKRODT ST
93843,27jun2009,2009,6,27,2327,HOMICIDE,7,50,5391,DR MARTIN LUTHER KIN
93976,28jun2009,2009,6,28,2235,HOMICIDE,4,61,1627,COLE ST
94600,01jul2009,2009,7,1,753,HOMICIDE,7,51,720,UNION BLVD
94992,03jul2009,2009,7,3,443,HOMICIDE,4,35,0,MEMORIAL DR / WASHIN
96373,10jul2009,2009,7,10,2331,HOMICIDE,5,65,1515,NEWHOUSE AVE
96399,11jul2009,2009,7,11,204,HOMICIDE,6,69,4673,MARGARETTA AVE
96517,11jul2009,2009,7,11,2004,HOMICIDE,3,30,2839,S JEFFERSON AVE
111481,13jul2009,2009,7,13,2020,HOMICIDE,6,71,5015,UNION
97407,16jul2009,2009,7,16,2315,HOMICIDE,6,74,840,WALL ST
97408,16jul2009,2009,7,16,2315,HOMICIDE,6,74,840,WALL ST
400562,17jul2009,2009,7,17,1030,HOMICIDE,5,50,5846,ELMBANK
97532,17jul2009,2009,7,17,1800,HOMICIDE,6,74,8606,CHURCH RD
99416,28jul2009,2009,7,28,728,HOMICIDE,7,52,5028,COTE BRILLIANTE AVE
99869,30jul2009,2009,7,30,2055,HOMICIDE,9,59,1820,N GRAND BLVD
100477,01aug2009,2009,8,1,1154,HOMICIDE,5,66,1124,LINTON AVE
101039,04aug2009,2009,8,4,1925,HOMICIDE,7,48,807,CLARA AVE
101424,06aug2009,2009,8,6,2105,HOMICIDE,7,51,5056,MINERVA AVE
102196,11aug2009,2009,8,11,16,HOMICIDE,6,69,4679,POPE AVE
102321,11aug2009,2009,8,11,2016,HOMICIDE,5,63,2817,HADLEY ST
102560,12aug2009,2009,8,12,2318,HOMICIDE,5,66,2022,E WARNE AVE
102970,15aug2009,2009,8,15,237,HOMICIDE,6,74,7820,N BROADWAY
103144,16aug2009,2009,8,16,145,HOMICIDE,7,50,3031,BELT AVE
103166,16aug2009,2009,8,16,520,HOMICIDE,4,34,622,CHOUTEAU AVE
103565,18aug2009,2009,8,18,2113,HOMICIDE,5,60,2609,RAUSCHENBACH AVE
103568,18aug2009,2009,8,18,2125,HOMICIDE,6,71,4945,THEODORE AVE
103750,19aug2009,2009,8,19,2026,HOMICIDE,7,48,5800,ETZEL AVE
104973,26aug2009,2009,8,26,2009,HOMICIDE,3,15,3759,CHIPPEWA ST
105382,28aug2009,2009,8,28,2314,HOMICIDE,5,65,4209,N 20TH ST
105544,29aug2009,2009,8,29,2142,HOMICIDE,6,71,5093,GERALDINE AVE
107258,07sep2009,2009,9,7,157,HOMICIDE,9,59,3639,CASS AVE
107565,08sep2009,2009,9,8,2002,HOMICIDE,9,59,3120,BELL AVE
107786,10sep2009,2009,9,10,134,HOMICIDE,5,59,3618,COTTAGE AVE
108131,11sep2009,2009,9,11,2327,HOMICIDE,7,78,1343,MONTCLAIR AVE
108253,12sep2009,2009,9,12,1755,HOMICIDE,6,70,5930,MCARTHUR AVE
108615,14sep2009,2009,9,14,1723,HOMICIDE,7,78,5838,ROMAINE PL
109151,17sep2009,2009,9,17,1332,HOMICIDE,8,53,4903,FOUNTAIN AVE
109258,18sep2009,2009,9,18,205,HOMICIDE,7,50,3326,ARLINGTON AVE
109282,18sep2009,2009,9,18,806,HOMICIDE,9,31,2839,PARK AVE
109343,18sep2009,2009,9,18,1540,HOMICIDE,8,56,3100,ROLLA PL
110005,22sep2009,2009,9,22,400,HOMICIDE,7,52,1716,UNION BLVD
111090,28sep2009,2009,9,28,1557,HOMICIDE,8,55,4873,SAINT LOUIS AVE
111396,30sep2009,2009,9,30,1825,HOMICIDE,4,33,1230,ST ANGE LN
112146,03oct2009,2009,10,3,1635,HOMICIDE,6,68,4340,LEE AVE
112398,04oct2009,2009,10,4,2236,HOMICIDE,5,66,4714,N 20TH ST
112418,05oct2009,2009,10,5,40,HOMICIDE,4,34,902,HICKORY ST
112536,05oct2009,2009,10,5,1935,HOMICIDE,6,70,6332,STRATFORD AVE
113530,11oct2009,2009,10,11,1819,HOMICIDE,7,50,5500,SAINT LOUIS AVE
113532,11oct2009,2009,10,11,1855,HOMICIDE,3,24,2621,ACCOMAC ST
113545,11oct2009,2009,10,11,2006,HOMICIDE,6,69,4115,N TAYLOR AVE
113567,11oct2009,2009,10,11,2105,HOMICIDE,9,31,3526,VISTA AVE
114045,14oct2009,2009,10,14,1530,HOMICIDE,8,57,1500,BILLUPS AVE
114314,16oct2009,2009,10,16,417,HOMICIDE,6,72,5217,ROBIN AVE
114428,16oct2009,2009,10,16,2141,HOMICIDE,5,66,2021,E GRAND BLVD
114563,17oct2009,2009,10,17,1945,HOMICIDE,4,35,720,N TUCKER BLVD
114888,19oct2009,2009,10,19,1944,HOMICIDE,6,69,4113,SHREVE AVE
115547,23oct2009,2009,10,23,1539,HOMICIDE,6,71,4952,ROSALIE ST
115684,24oct2009,2009,10,24,226,HOMICIDE,5,65,3929,N 21ST ST
115773,24oct2009,2009,10,24,1900,HOMICIDE,5,65,4236,N 20TH ST
116175,26oct2009,2009,10,26,2220,HOMICIDE,3,30,3165,TEXAS AVE
116426,28oct2009,2009,10,28,1603,HOMICIDE,5,65,4246,N 19TH ST
116460,28oct2009,2009,10,28,1945,HOMICIDE,7,48,5863,PLYMOUTH AVE
175130,29oct2009,2009,10,29,244,HOMICIDE,5,67,4343,DE SOTO
122362,02nov2009,2009,11,2,414,HOMICIDE,6,73,1501,SWITZER
117913,04nov2009,2009,11,4,1707,HOMICIDE,6,76,5936,EMMA AVE
117934,04nov2009,2009,11,4,1915,HOMICIDE,7,50,5739,GOODFELLOW PL
118470,07nov2009,2009,11,7,2042,HOMICIDE,7,78,1393,TEMPLE PL
118843,09nov2009,2009,11,9,2028,HOMICIDE,5,66,2011,E GRAND BLVD
118965,10nov2009,2009,11,10,1550,HOMICIDE,6,74,8915,NEWBY ST
119295,12nov2009,2009,11,12,1530,HOMICIDE,8,56,4583,MAFFITT AVE
119628,14nov2009,2009,11,14,1110,HOMICIDE,2,11,3041,TAMM AVE
119891,16nov2009,2009,11,16,33,HOMICIDE,8,56,4004,NORTH MARKET ST
120187,17nov2009,2009,11,17,2130,HOMICIDE,5,59,3825,KENNERLY AVE
120201,18nov2009,2009,11,18,10,HOMICIDE,7,50,5601,WABADA AVE
120202,18nov2009,2009,11,18,10,HOMICIDE,7,50,5601,WABADA AVE
120477,19nov2009,2009,11,19,2049,HOMICIDE,9,77,3305,FRANKLIN AVE
120704,21nov2009,2009,11,21,315,HOMICIDE,3,30,3122,UTAH ST
121168,24nov2009,2009,11,24,19,HOMICIDE,6,74,8644,RIVERVIEW BLVD
121476,25nov2009,2009,11,25,1855,HOMICIDE,1,5,4562,MORGANFORD RD
121985,28nov2009,2009,11,28,2145,HOMICIDE,3,15,3850,POTOMAC ST
122248,30nov2009,2009,11,30,1637,HOMICIDE,6,69,4110,DRYDEN AVE
122692,01dec2009,2009,12,1,1800,HOMICIDE,1,16,3617,GASCONADE ST
122728,01dec2009,2009,12,1,2050,HOMICIDE,1,1,101,BELLERIVE BLVD
123815,08dec2009,2009,12,8,2151,HOMICIDE,7,50,5615,MAFFITT AVE
123921,09dec2009,2009,12,9,2008,HOMICIDE,7,52,3415,N KINGSHIGHWAY BLVD
124403,13dec2009,2009,12,13,500,HOMICIDE,6,76,6212,EMMA AVE
125313,19dec2009,2009,12,19,823,HOMICIDE,3,30,2910,CALIFORNIA AVE
125330,19dec2009,2009,12,19,1046,HOMICIDE,8,56,4558,ALDINE AVE
125387,19dec2009,2009,12,19,1917,HOMICIDE,6,71,5423,GERALDINE AVE
221056,25dec2009,2009,12,25,2200,HOMICIDE,5,59,3846,LINCOLN
134337,27dec2009,2009,12,27,1000,HOMICIDE,6,74,8421,CHURCH RD
130887,28dec2009,2009,12,28,1933,HOMICIDE,5,65,1520,SALISBURY ST
126909,01jan2010,2010,1,1,50,HOMICIDE,6,71,4945,THEODORE AVE
126910,01jan2010,2010,1,1,50,HOMICIDE,6,71,4945,THEODORE AVE
127165,03jan2010,2010,1,3,321,HOMICIDE,4,34,0,I 55 SOUTHBOUND / LA
131003,07jan2010,2010,1,7,634,HOMICIDE,6,70,4350,SEMPLE AVE
131004,07jan2010,2010,1,7,634,HOMICIDE,6,70,4350,SEMPLE AVE
131005,07jan2010,2010,1,7,634,HOMICIDE,6,70,4350,SEMPLE AVE
127715,08jan2010,2010,1,8,2232,HOMICIDE,7,50,5525,ASHLAND AVE
128090,11jan2010,2010,1,11,2356,HOMICIDE,8,56,3946,NATURAL BRIDGE AVE
128216,12jan2010,2010,1,12,2302,HOMICIDE,5,67,4030,PECK ST
128487,14jan2010,2010,1,14,1900,HOMICIDE,5,65,0,I 70 EASTBOUND / SAL
128503,14jan2010,2010,1,14,2118,HOMICIDE,3,15,3480,MORGANFORD RD
128652,15jan2010,2010,1,15,2145,HOMICIDE,8,55,4706,HIGHLAND AVE
129084,18jan2010,2010,1,18,1710,HOMICIDE,2,42,1339,GRAHAM ST
129928,25jan2010,2010,1,25,340,HOMICIDE,5,66,1920,E COLLEGE AVE
130160,27jan2010,2010,1,27,14,HOMICIDE,6,68,4222,E MARGARETTA AVE
130293,28jan2010,2010,1,28,630,HOMICIDE,9,29,3832,BLAINE AVE
130564,31jan2010,2010,1,31,930,HOMICIDE,5,66,2040,E DE SOTO AVE
131488,03feb2010,2010,2,3,1758,HOMICIDE,8,57,4213,DR MARTIN LUTHER KIN
131489,03feb2010,2010,2,3,1758,HOMICIDE,8,57,4213,DR MARTIN LUTHER KIN
131765,06feb2010,2010,2,6,25,HOMICIDE,5,59,3638,HEBERT ST
144097,11feb2010,2010,2,11,1223,HOMICIDE,6,73,6027,FLORISSANT
134068,27feb2010,2010,2,27,110,HOMICIDE,8,57,1702,N TAYLOR AVE
134765,02mar2010,2010,3,2,1347,HOMICIDE,4,63,1450,N MARKET ST
137326,20mar2010,2010,3,20,155,HOMICIDE,5,67,4325,COLLEGE AVE
137421,20mar2010,2010,3,20,2000,HOMICIDE,2,6,5218,NAGEL AVE
138230,26mar2010,2010,3,26,1310,HOMICIDE,7,78,1430,SEMPLE AVE
138268,26mar2010,2010,3,26,1750,HOMICIDE,7,52,5146,MAFFITT AVE
138697,29mar2010,2010,3,29,2115,HOMICIDE,7,50,5835,SELBER CT
138838,30mar2010,2010,3,30,2225,HOMICIDE,1,1,805,EICHELBERGER ST
139837,04apr2010,2010,4,4,1330,HOMICIDE,6,74,8815,N BROADWAY
139891,04apr2010,2010,4,4,2023,HOMICIDE,6,73,5955,GOODFELLOW BLVD
140015,05apr2010,2010,4,5,1545,HOMICIDE,5,63,2425,HADLEY ST
140781,10apr2010,2010,4,10,122,HOMICIDE,5,64,917,WARREN ST
142132,17apr2010,2010,4,17,1929,HOMICIDE,6,68,4431,ATHLONE AVE
142145,17apr2010,2010,4,17,2023,HOMICIDE,5,67,4127,OBEAR AVE
142311,18apr2010,2010,4,18,2113,HOMICIDE,6,69,4675,NATURAL BRIDGE AVE
142323,18apr2010,2010,4,18,2306,HOMICIDE,5,63,2600,N 14TH ST
142640,21apr2010,2010,4,21,343,HOMICIDE,1,16,3815,PENNSYLVANIA AVE
142641,21apr2010,2010,4,21,343,HOMICIDE,1,16,3815,PENNSYLVANIA AVE
143120,24apr2010,2010,4,24,36,HOMICIDE,3,19,3707,MINNESOTA AVE
143144,24apr2010,2010,4,24,450,HOMICIDE,3,19,3546,NEBRASKA AVE
143307,25apr2010,2010,4,25,1300,HOMICIDE,1,3,5201,DEWEY AVE
143970,30apr2010,2010,4,30,726,HOMICIDE,7,78,1383,CLARA AVE
146587,15may2010,2010,5,15,1015,HOMICIDE,3,25,3115,GRAVOIS AVE
146697,16may2010,2010,5,16,4,HOMICIDE,5,67,3800,LEE AVE
146975,17may2010,2010,5,17,2035,HOMICIDE,1,16,3816,S COMPTON AVE
147048,18may2010,2010,5,18,1123,HOMICIDE,6,68,4332,LEE AVE
148027,25may2010,2010,5,25,4,HOMICIDE,6,71,4904,N EUCLID AVE
148716,30may2010,2010,5,30,250,HOMICIDE,9,37,3050,OLIVE ST
148768,30may2010,2010,5,30,1605,HOMICIDE,7,52,5242,PALM ST
149485,02jun2010,2010,6,2,1750,HOMICIDE,6,71,5064,EMERSON AVE
149573,03jun2010,2010,6,3,1010,HOMICIDE,1,1,5309,MICHIGAN AVE
149757,04jun2010,2010,6,4,1716,HOMICIDE,6,72,4925,BEACON AVE
149854,05jun2010,2010,6,5,136,HOMICIDE,6,71,5340,HARNEY AVE
150991,12jun2010,2010,6,12,2246,HOMICIDE,7,50,2738,BURD AVE
150994,12jun2010,2010,6,12,2334,HOMICIDE,7,48,1101,HODIAMONT AVE
151047,13jun2010,2010,6,13,1240,HOMICIDE,7,78,6116,DR MARTIN LUTHER KIN
152072,20jun2010,2010,6,20,20,HOMICIDE,6,72,5818,LILLIAN AVE
152200,21jun2010,2010,6,21,27,HOMICIDE,4,35,205,N 9TH ST
153955,24jun2010,2010,6,24,2308,HOMICIDE,7,50,5601,HIGHLAND
152930,25jun2010,2010,6,25,1934,HOMICIDE,5,67,3851,SHERMAN PL
153169,27jun2010,2010,6,27,410,HOMICIDE,7,48,1267,HODIAMONT AVE
153999,28jun2010,2010,6,28,1805,HOMICIDE,3,30,2807,S JEFFERSON AVE
154015,29jun2010,2010,6,29,2137,HOMICIDE,3,30,3221,POTOMAC
155071,06jul2010,2010,7,6,2311,HOMICIDE,9,31,1300,OHIO AVE
155257,08jul2010,2010,7,8,205,HOMICIDE,5,60,2245,HEBERT ST
155958,12jul2010,2010,7,12,350,HOMICIDE,4,60,2008,MADISON ST
156775,17jul2010,2010,7,17,140,HOMICIDE,6,68,4349,LEE AVE
156916,18jul2010,2010,7,18,23,HOMICIDE,3,30,3128,UTAH ST
169703,23jul2010,2010,7,23,1914,HOMICIDE,7,52,5135,NORTHLAND
157931,24jul2010,2010,7,24,226,HOMICIDE,6,68,4435,CLARENCE AVE
158802,29jul2010,2010,7,29,1615,HOMICIDE,8,56,3920,LEXINGTON AVE
161404,12aug2010,2010,8,12,1536,HOMICIDE,1,16,4764,LOUISIANA AVE
162222,17aug2010,2010,8,17,1943,HOMICIDE,6,68,4202,HARRIS AVE
162319,18aug2010,2010,8,18,1056,HOMICIDE,5,66,2033,GANO AVE
162778,21aug2010,2010,8,21,414,HOMICIDE,7,52,5127,HIGHLAND AVE
163547,26aug2010,2010,8,26,30,HOMICIDE,8,56,4004,MAFFITT AVE
163717,27aug2010,2010,8,27,248,HOMICIDE,9,28,4151,BLAINE AVE
163842,27aug2010,2010,8,27,1929,HOMICIDE,5,59,3000,N VANDEVENTER AVE
164330,30aug2010,2010,8,30,2125,HOMICIDE,8,55,4766,LEDUC ST
165453,04sep2010,2010,9,4,2328,HOMICIDE,7,52,5141,LEXINGTON AVE
166416,10sep2010,2010,9,10,2030,HOMICIDE,6,71,4548,QUEENS AVE
166571,11sep2010,2010,9,11,2100,HOMICIDE,3,19,3024,POTOMAC ST
167554,17sep2010,2010,9,17,1724,HOMICIDE,6,69,4400,FARLIN AVE
167555,17sep2010,2010,9,17,1724,HOMICIDE,6,69,4400,FARLIN AVE
167936,19sep2010,2010,9,19,2300,HOMICIDE,5,65,1514,MALLINCKRODT ST
167947,20sep2010,2010,9,20,30,HOMICIDE,1,17,5115,S BROADWAY
168051,20sep2010,2010,9,20,1730,HOMICIDE,5,67,4164,PLEASANT ST
168242,21sep2010,2010,9,21,2146,HOMICIDE,8,54,4747,MCMILLAN AVE
168245,21sep2010,2010,9,21,2212,HOMICIDE,7,52,5125,GREER AVE
168289,22sep2010,2010,9,22,420,HOMICIDE,1,1,5401,LOUISIANA AVE
168640,24sep2010,2010,9,24,1310,HOMICIDE,8,58,4046,W BELLE PL
169588,30sep2010,2010,9,30,1811,HOMICIDE,5,65,1501,ANGELICA ST
170929,06oct2010,2010,10,6,2025,HOMICIDE,8,58,1305,N SARAH ST
171292,09oct2010,2010,10,9,623,HOMICIDE,5,65,4230,N FLORISSANT AVE
171407,09oct2010,2010,10,9,2312,HOMICIDE,3,15,3528,GILES AVE
171409,09oct2010,2010,10,9,2330,HOMICIDE,3,19,3642,PENNSYLVANIA AVE
171740,11oct2010,2010,10,11,2335,HOMICIDE,7,51,5320,PAGE BLVD
172570,16oct2010,2010,10,16,1951,HOMICIDE,4,62,726,CARR ST
173810,25oct2010,2010,10,25,100,HOMICIDE,6,73,8551,DRURY LN
174104,26oct2010,2010,10,26,2211,HOMICIDE,8,58,4225,ENRIGHT AVE
174116,26oct2010,2010,10,26,2310,HOMICIDE,5,60,2930,N 21ST ST
174232,27oct2010,2010,10,27,1603,HOMICIDE,6,73,5974,DRURY LN
174687,30oct2010,2010,10,30,2150,HOMICIDE,5,67,4205,JOHN AVE
174688,30oct2010,2010,10,30,2150,HOMICIDE,5,67,4205,JOHN AVE
175218,01nov2010,2010,11,1,225,HOMICIDE,4,36,1521,WASHINGTON AVE
175619,03nov2010,2010,11,3,2150,HOMICIDE,6,74,8600,CHURCH RD
175766,04nov2010,2010,11,4,2255,HOMICIDE,5,59,3648,HEBERT ST
175897,05nov2010,2010,11,5,2033,HOMICIDE,5,67,3619,PENROSE ST
176390,09nov2010,2010,11,9,1155,HOMICIDE,6,73,5984,ASTRA AVE
176608,10nov2010,2010,11,10,2130,HOMICIDE,6,73,8502,TRAFFORD LN
176609,10nov2010,2010,11,10,2130,HOMICIDE,6,73,8502,TRAFFORD LN
176742,11nov2010,2010,11,11,1749,HOMICIDE,6,73,5965,ERA AVE
176799,12nov2010,2010,11,12,1,HOMICIDE,8,56,3920,PALM ST
177000,13nov2010,2010,11,13,600,HOMICIDE,5,65,1410,NEWHOUSE AVE
177059,13nov2010,2010,11,13,1650,HOMICIDE,6,72,5756,THEODORE AVE
177542,16nov2010,2010,11,16,2043,HOMICIDE,4,61,1741,COCHRAN PL
177702,17nov2010,2010,11,17,2309,HOMICIDE,3,25,3148,MAGNOLIA AVE
177878,19nov2010,2010,11,19,1035,HOMICIDE,6,69,4723,SACRAMENTO AVE
178289,21nov2010,2010,11,21,1731,HOMICIDE,6,74,8847,N BROADWAY
178305,21nov2010,2010,11,21,1950,HOMICIDE,7,51,1316,UNION BLVD
178570,23nov2010,2010,11,23,1704,HOMICIDE,5,59,2939,HEBERT ST
178574,23nov2010,2010,11,23,1713,HOMICIDE,5,59,2415,GLASGOW AVE
178671,24nov2010,2010,11,24,1635,HOMICIDE,8,56,4638,NATURAL BRIDGE AVE
179014,27nov2010,2010,11,27,2155,HOMICIDE,6,69,4401,NATURAL BRIDGE AVE
179044,28nov2010,2010,11,28,16,HOMICIDE,1,16,3865,ALEXANDER ST
179124,28nov2010,2010,11,28,1640,HOMICIDE,5,59,3721,N MARKET ST
179358,30nov2010,2010,11,30,441,HOMICIDE,1,1,705,WILMINGTON AVE
179401,30nov2010,2010,11,30,1202,HOMICIDE,9,38,3958,WASHINGTON AVE
179402,30nov2010,2010,11,30,1202,HOMICIDE,9,38,3958,WASHINGTON AVE
180251,04dec2010,2010,12,4,1722,HOMICIDE,6,70,6013,MARGARETTA AVE
180333,05dec2010,2010,12,5,647,HOMICIDE,2,41,1400,HAMPTON AVE
180408,05dec2010,2010,12,5,1942,HOMICIDE,7,48,1288,AMHERST PL
181133,11dec2010,2010,12,11,235,HOMICIDE,6,84,4250,N KINGSHIGHWAY BLVD
181359,13dec2010,2010,12,13,919,HOMICIDE,5,63,1220,WARREN ST
181413,13dec2010,2010,12,13,1930,HOMICIDE,9,77,3501,FRANKLIN AVE
181651,15dec2010,2010,12,15,1800,HOMICIDE,6,74,823,WALL ST
182076,18dec2010,2010,12,18,2118,HOMICIDE,5,68,4515,ALICE AVE
182263,20dec2010,2010,12,20,33,HOMICIDE,7,50,5638,SAINT LOUIS AVE
182579,22dec2010,2010,12,22,130,HOMICIDE,7,48,1001,HAMILTON AVE
182959,25dec2010,2010,12,25,2210,HOMICIDE,6,74,8370,N BROADWAY
182960,25dec2010,2010,12,25,2210,HOMICIDE,6,74,8370,N BROADWAY
183052,26dec2010,2010,12,26,2056,HOMICIDE,2,8,6948,CHIPPEWA ST
183606,31dec2010,2010,12,31,550,HOMICIDE,5,59,3828,COTTAGE AVE
183690,31dec2010,2010,12,31,2213,HOMICIDE,6,76,5583,ERA AVE
184815,09jan2011,2011,1,9,1058,HOMICIDE,6,72,5071,DAVISON AVE
186908,26jan2011,2011,1,26,1943,HOMICIDE,6,74,1245,GIMBLIN ST
188481,06feb2011,2011,2,6,1036,HOMICIDE,5,66,1141,FERRY ST
242500,06feb2011,2011,2,6,1800,HOMICIDE,5,65,4221,20TH
188940,10feb2011,2011,2,10,2226,HOMICIDE,1,1,5725,VIRGINIA AVE
189075,12feb2011,2011,2,12,510,HOMICIDE,3,27,3909,CLEVELAND AVE
189323,14feb2011,2011,2,14,1350,HOMICIDE,3,15,3804,GRAVOIS AVE
189379,15feb2011,2011,2,15,240,HOMICIDE,3,15,3544,GILES AVE
189760,17feb2011,2011,2,17,2329,HOMICIDE,3,30,3250,MICHIGAN AVE
189810,18feb2011,2011,2,18,1100,HOMICIDE,7,48,5938,PLYMOUTH AVE
189959,19feb2011,2011,2,19,1300,HOMICIDE,8,58,4208,E COOK AVE
190119,20feb2011,2011,2,20,1902,HOMICIDE,1,17,4500,S COMPTON AVE
190504,24feb2011,2011,2,24,400,HOMICIDE,7,50,5634,MAFFITT AVE
190792,26feb2011,2011,2,26,1230,HOMICIDE,1,18,3833,INDIANA AVE
190833,26feb2011,2011,2,26,2107,HOMICIDE,6,73,5979,SUMMIT PL
190953,27feb2011,2011,2,27,2152,HOMICIDE,8,55,4938,NATURAL BRIDGE AVE
191904,04mar2011,2011,3,4,800,HOMICIDE,8,56,4434,GREER AVE
192005,04mar2011,2011,3,4,2023,HOMICIDE,6,76,5729,MIMIKA AVE
192348,06mar2011,2011,3,6,2331,HOMICIDE,8,56,1820,BELLE GLADE AVE
192487,08mar2011,2011,3,8,650,HOMICIDE,1,16,3117,OSAGE ST
192488,08mar2011,2011,3,8,650,HOMICIDE,1,16,3117,OSAGE ST
192578,08mar2011,2011,3,8,1948,HOMICIDE,8,54,915,N TAYLOR AVE
193094,12mar2011,2011,3,12,2006,HOMICIDE,7,50,5529,LABADIE AVE
195838,17mar2011,2011,3,17,1,HOMICIDE,4,36,30,PLAZA SQ
193724,17mar2011,2011,3,17,2153,HOMICIDE,8,53,4915,PAGE BLVD
193855,18mar2011,2011,3,18,1751,HOMICIDE,2,9,3112,IVANHOE AVE
194015,19mar2011,2011,3,19,1848,HOMICIDE,5,68,2144,E FAIR AVE
194033,19mar2011,2011,3,19,2113,HOMICIDE,3,15,4244,MIAMI ST
194954,26mar2011,2011,3,26,453,HOMICIDE,4,36,1015,N 7TH ST
199809,05apr2011,2011,4,5,1025,HOMICIDE,1,17,4623,OREGON AVE
197217,16apr2011,2011,4,16,56,HOMICIDE,4,36,1459,CHESTNUT ST
197230,16apr2011,2011,4,16,1045,HOMICIDE,1,16,3812,S SPRING AVE
198045,20apr2011,2011,4,20,210,HOMICIDE,5,66,4725,N 20TH ST
198362,22apr2011,2011,4,22,936,HOMICIDE,6,72,5038,ALCOTT AVE
198371,23apr2011,2011,4,23,50,HOMICIDE,3,30,2926,CALIFORNIA AVE
198417,23apr2011,2011,4,23,1357,HOMICIDE,6,74,9104,JORDAN ST
198631,24apr2011,2011,4,24,235,HOMICIDE,4,35,800,S 4TH ST
198632,24apr2011,2011,4,24,235,HOMICIDE,4,35,800,S 4TH ST
199084,27apr2011,2011,4,27,2235,HOMICIDE,6,71,4951,ASHBY AVE
199221,28apr2011,2011,4,28,2235,HOMICIDE,6,74,9005,NEWBY ST
199542,30apr2011,2011,4,30,1,HOMICIDE,4,63,1010,HOWARD ST
201066,01may2011,2011,5,1,1805,HOMICIDE,6,76,5900,LILLIAN AVE
202701,02may2011,2011,5,2,1915,HOMICIDE,4,64,1500,LEWIS ST
204961,05may2011,2011,5,5,1300,HOMICIDE,6,74,1422,VERONICA AVE
204962,05may2011,2011,5,5,1300,HOMICIDE,6,74,1422,VERONICA AVE
205492,08may2011,2011,5,8,2110,HOMICIDE,5,65,2300,ANGELICA ST
205706,09may2011,2011,5,9,956,HOMICIDE,1,16,5014,IDAHO AVE
201262,10may2011,2011,5,10,355,HOMICIDE,1,1,5618,S GRAND BLVD
201305,11may2011,2011,5,11,150,HOMICIDE,5,66,0,E GRAND AVE / I 70 W
201368,11may2011,2011,5,11,1640,HOMICIDE,9,29,3659,HICKORY ST
202103,16may2011,2011,5,16,1800,HOMICIDE,7,78,5516,MINERVA AVE
202341,18may2011,2011,5,18,17,HOMICIDE,8,56,4040,SULLIVAN AVE
202459,18may2011,2011,5,18,800,HOMICIDE,7,78,1395,HAMILTON AVE
202606,19may2011,2011,5,19,855,HOMICIDE,1,4,3734,ROSWELL AVE
205879,22may2011,2011,5,22,1528,HOMICIDE,4,33,1452,CASTLE
203179,22may2011,2011,5,22,2217,HOMICIDE,7,50,5629,SAINT LOUIS AVE
203323,23may2011,2011,5,23,2133,HOMICIDE,3,25,3142,ARSENAL ST
203639,25may2011,2011,5,25,315,HOMICIDE,3,23,2310,S JEFFERSON AVE
210588,07jun2011,2011,6,7,2303,HOMICIDE,1,1,6824,MICHIGAN AVE
210750,08jun2011,2011,6,8,300,HOMICIDE,6,71,5361,CLAXTON AVE
210763,08jun2011,2011,6,8,700,HOMICIDE,6,79,9100,RIVERVIEW DR
210677,08jun2011,2011,6,8,1647,HOMICIDE,6,69,4817,BESSIE AVE
210881,09jun2011,2011,6,9,2048,HOMICIDE,5,59,3100,N GARRISON AVE
210922,09jun2011,2011,6,9,2355,HOMICIDE,5,63,2009,HEBERT ST
210923,09jun2011,2011,6,9,2355,HOMICIDE,6,74,8850,LOWELL ST
206654,12jun2011,2011,6,12,2300,HOMICIDE,5,67,4246,WARNE AVE
206705,13jun2011,2011,6,13,1153,HOMICIDE,5,66,2053,E DE SOTO AVE
207104,15jun2011,2011,6,15,2311,HOMICIDE,4,33,1123,S 14TH ST
207710,19jun2011,2011,6,19,1234,HOMICIDE,3,22,1916,SIDNEY ST
208072,20jun2011,2011,6,20,1901,HOMICIDE,6,74,906,RIVERVIEW BLVD
209394,28jun2011,2011,6,28,1550,HOMICIDE,7,78,1384,SEMPLE AVE
209503,29jun2011,2011,6,29,1015,HOMICIDE,7,52,5130,WABADA AVE
209908,30jun2011,2011,6,30,2345,HOMICIDE,8,53,1411,WALTON AVE
211298,01jul2011,2011,7,1,100,HOMICIDE,5,59,3512,N VANDEVENTER AVE
211445,01jul2011,2011,7,1,2205,HOMICIDE,8,56,3108,ROLLA PL
211648,03jul2011,2011,7,3,730,HOMICIDE,9,59,1417,GLASGOW AVE
212113,06jul2011,2011,7,6,640,HOMICIDE,7,51,5019,RIDGE AVE
212234,06jul2011,2011,7,6,2250,HOMICIDE,6,72,5738,WOODLAND AVE
212617,09jul2011,2011,7,9,323,HOMICIDE,4,33,1127,S 14TH ST
213901,17jul2011,2011,7,17,315,HOMICIDE,1,17,2801,CHARITON ST
214912,23jul2011,2011,7,23,2043,HOMICIDE,6,72,5474,GENEVIEVE AVE
215934,30jul2011,2011,7,30,1604,HOMICIDE,5,59,3800,SULLIVAN AVE
215979,30jul2011,2011,7,30,2220,HOMICIDE,7,50,1600,GOODFELLOW BLVD
216519,01aug2011,2011,8,1,235,HOMICIDE,6,69,4530,MARGARETTA AVE
217849,09aug2011,2011,8,9,2258,HOMICIDE,6,76,5719,PAMPLIN AVE
217850,09aug2011,2011,8,9,2258,HOMICIDE,6,76,5719,PAMPLIN AVE
218398,13aug2011,2011,8,13,535,HOMICIDE,1,17,4244,CALIFORNIA AVE
218647,14aug2011,2011,8,14,2040,HOMICIDE,8,54,4563,MCMILLAN AVE
219709,22aug2011,2011,8,22,300,HOMICIDE,3,19,3115,CHEROKEE ST
219975,23aug2011,2011,8,23,2339,HOMICIDE,8,55,3524,N KINGSHIGHWAY BLVD
220556,27aug2011,2011,8,27,2244,HOMICIDE,6,71,4912,W FLORISSANT AVE
220737,29aug2011,2011,8,29,1125,HOMICIDE,5,66,2024,E OBEAR AVE
221562,01sep2011,2011,9,1,2150,HOMICIDE,5,67,4031,PECK ST
222637,09sep2011,2011,9,9,2300,HOMICIDE,8,57,4206,W KENNERLY AVE
223170,13sep2011,2011,9,13,1727,HOMICIDE,4,32,1445,S 18TH ST
223457,16sep2011,2011,9,16,1,HOMICIDE,3,19,3618,PENNSYLVANIA AVE
223567,16sep2011,2011,9,16,1820,HOMICIDE,6,85,0,OFALLON PARK
224264,21sep2011,2011,9,21,2230,HOMICIDE,6,74,8551,N BROADWAY
224288,22sep2011,2011,9,22,241,HOMICIDE,3,20,1600,S BROADWAY
224397,23sep2011,2011,9,23,30,HOMICIDE,3,24,2838,MAGNOLIA AVE
224907,26sep2011,2011,9,26,53,HOMICIDE,7,48,5621,MAPLE AVE
225147,28sep2011,2011,9,28,225,HOMICIDE,5,59,2701,FALL AVE
225232,28sep2011,2011,9,28,1840,HOMICIDE,7,78,5446,RIDGE AVE
225888,01oct2011,2011,10,1,39,HOMICIDE,6,76,5425,RIVERVIEW BLVD
227516,12oct2011,2011,10,12,2004,HOMICIDE,3,19,3434,CALIFORNIA AVE
227646,13oct2011,2011,10,13,2123,HOMICIDE,5,59,2915,N JEFFERSON AVE
228319,19oct2011,2011,10,19,816,HOMICIDE,2,12,5915,WILSON AVE
228429,19oct2011,2011,10,19,2145,HOMICIDE,7,48,5578,CLEMENS AVE
228453,20oct2011,2011,10,20,19,HOMICIDE,7,78,1341,MONTCLAIR AVE
228520,20oct2011,2011,10,20,1445,HOMICIDE,5,59,3858,ASHLAND AVE
230609,01nov2011,2011,11,1,2340,HOMICIDE,6,74,8039,CHURCH RD
230960,04nov2011,2011,11,4,1920,HOMICIDE,7,51,5150,DR MARTIN LUTHER KIN
231235,06nov2011,2011,11,6,2205,HOMICIDE,6,69,4445,CATHERINE PL
231829,11nov2011,2011,11,11,900,HOMICIDE,3,19,2728,CHEROKEE ST
232232,13nov2011,2011,11,13,1706,HOMICIDE,8,56,4052,SAINT LOUIS AVE
232972,19nov2011,2011,11,19,330,HOMICIDE,5,59,3124,N GRAND BLVD
233085,20nov2011,2011,11,20,55,HOMICIDE,5,59,2501,N GRAND BLVD
235469,06dec2011,2011,12,6,1820,HOMICIDE,7,52,5102,LOTUS AVE
235631,08dec2011,2011,12,8,600,HOMICIDE,3,30,3447,TENNESSEE AVE
236265,13dec2011,2011,12,13,2018,HOMICIDE,6,74,996,RIVERVIEW BLVD
236768,18dec2011,2011,12,18,430,HOMICIDE,4,62,1312,N 10TH ST
237025,20dec2011,2011,12,20,1239,HOMICIDE,6,72,5400,RIVERVIEW BLVD
238196,01jan2012,2012,1,1,50,HOMICIDE,6,72,4931,PLOVER AVE
238321,02jan2012,2012,1,2,130,HOMICIDE,1,16,4672,S SPRING AVE
238931,07jan2012,2012,1,7,1000,HOMICIDE,3,30,3311,MINNESOTA AVE
239063,08jan2012,2012,1,8,1653,HOMICIDE,6,74,8921,ANNETTA ST
239064,08jan2012,2012,1,8,1653,HOMICIDE,6,74,8921,ANNETTA ST
239682,14jan2012,2012,1,14,2112,HOMICIDE,9,39,4317,SWAN AVE
239794,16jan2012,2012,1,16,59,HOMICIDE,6,71,5020,SHREVE AVE
239976,17jan2012,2012,1,17,2145,HOMICIDE,6,72,5590,W FLORISSANT AVE
240031,18jan2012,2012,1,18,1234,HOMICIDE,9,59,2810,DAYTON ST
240173,19jan2012,2012,1,19,2056,HOMICIDE,5,65,2018,FARRAR ST
240467,22jan2012,2012,1,22,2150,HOMICIDE,6,72,5007,THRUSH AVE
240771,26jan2012,2012,1,26,239,HOMICIDE,3,21,1535,S 8TH ST
242282,03feb2012,2012,2,3,1224,HOMICIDE,7,78,1365,GRANVILLE PL
242682,07feb2012,2012,2,7,2054,HOMICIDE,6,68,4287,HOLLY AVE
244145,21feb2012,2012,2,21,2240,HOMICIDE,2,11,6023,EITMAN AVE
282516,23feb2012,2012,2,23,1908,HOMICIDE,8,58,4200,FINNEY
244838,28feb2012,2012,2,28,1644,HOMICIDE,1,1,444,EICHELBERGER ST
244899,29feb2012,2012,2,29,10,HOMICIDE,5,59,3101,N GRAND BLVD
245976,06mar2012,2012,3,6,10,HOMICIDE,6,73,8734,GOODFELLOW BLVD
246273,08mar2012,2012,3,8,1138,HOMICIDE,7,52,5055,COTE BRILLIANTE AVE
246787,12mar2012,2012,3,12,1500,HOMICIDE,5,65,3719,N 21ST ST
246818,12mar2012,2012,3,12,1900,HOMICIDE,5,68,4558,ADELAIDE AVE
247515,17mar2012,2012,3,17,2103,HOMICIDE,8,55,4973,MAFFITT PL
247566,18mar2012,2012,3,18,125,HOMICIDE,4,63,1936,N 14TH ST
248567,25mar2012,2012,3,25,2055,HOMICIDE,9,59,1900,COLEMAN AVE
248869,28mar2012,2012,3,28,1145,HOMICIDE,7,50,5363,COTE BRILLIANTE AVE
249061,29mar2012,2012,3,29,2230,HOMICIDE,7,78,5508,MARTIN LUTHER KING
259201,30mar2012,2012,3,30,1800,HOMICIDE,6,69,3930,N KINGSHIGHWAY BLVD
249720,01apr2012,2012,4,1,150,HOMICIDE,5,60,2100,SAINT LOUIS AVE
250431,05apr2012,2012,4,5,2014,HOMICIDE,8,57,1515,WHITTIER ST
250447,05apr2012,2012,4,5,2131,HOMICIDE,7,78,5357,WELLS AVE
250929,09apr2012,2012,4,9,1356,HOMICIDE,8,55,4942,WARWICK AVE
251469,12apr2012,2012,4,12,2230,HOMICIDE,5,66,1110,E GANO AVE
252229,16apr2012,2012,4,16,2200,HOMICIDE,4,33,1415,HICKORY LN
253290,24apr2012,2012,4,24,510,HOMICIDE,6,74,8953,EDNA ST
253409,24apr2012,2012,4,24,2327,HOMICIDE,6,73,5756,VIVIAN AVE
253616,26apr2012,2012,4,26,1440,HOMICIDE,7,78,5925,HAMILTON TER
253961,28apr2012,2012,4,28,2018,HOMICIDE,7,52,5225,LEXINGTON AVE
255178,05may2012,2012,5,5,115,HOMICIDE,7,50,3000,GOODFELLOW BLVD
255312,05may2012,2012,5,5,2205,HOMICIDE,3,24,2145,S JEFFERSON AVE
255313,05may2012,2012,5,5,2205,HOMICIDE,3,24,2145,S JEFFERSON AVE
255314,05may2012,2012,5,5,2205,HOMICIDE,3,24,2145,S JEFFERSON AVE
255659,08may2012,2012,5,8,700,HOMICIDE,4,64,6,MADISON ST
256505,13may2012,2012,5,13,1900,HOMICIDE,9,37,310,S GRAND BLVD
256928,16may2012,2012,5,16,1430,HOMICIDE,8,55,4701,LABADIE
257144,17may2012,2012,5,17,2355,HOMICIDE,6,72,5405,BEACON AVE
257368,19may2012,2012,5,19,1142,HOMICIDE,5,68,4517,MARY AVE
257546,20may2012,2012,5,20,2112,HOMICIDE,5,67,4128,GROVE ST
257563,20may2012,2012,5,20,2330,HOMICIDE,1,1,228,BATES ST
258219,25may2012,2012,5,25,130,HOMICIDE,5,65,4242,RANDALL PL
258477,26may2012,2012,5,26,2230,HOMICIDE,6,76,6032,EMMA AVE
259797,02jun2012,2012,6,2,2030,HOMICIDE,9,59,2732,JAMES COOL PAPA BELL
259917,03jun2012,2012,6,3,1700,HOMICIDE,6,76,6053,SHULTE AVE
269090,05jun2012,2012,6,5,2143,HOMICIDE,5,59,3801,LABADIE AVE
260551,07jun2012,2012,6,7,2055,HOMICIDE,3,19,3508,TENNESSEE AVE
260594,08jun2012,2012,6,8,23,HOMICIDE,6,74,8463,CONCORD PL
261040,10jun2012,2012,6,10,2209,HOMICIDE,1,16,3900,DUNNICA AVE
261348,12jun2012,2012,6,12,2200,HOMICIDE,6,74,8990,EDNA ST
261382,13jun2012,2012,6,13,329,HOMICIDE,1,16,3660,MONTANA ST
261845,15jun2012,2012,6,15,2322,HOMICIDE,6,73,5973,GOODFELLOW BLVD
261846,15jun2012,2012,6,15,2325,HOMICIDE,5,60,1901,SAINT LOUIS AVE
262570,20jun2012,2012,6,20,2206,HOMICIDE,4,60,1530,N 20TH ST
263322,26jun2012,2012,6,26,135,HOMICIDE,7,50,5731,DR MARTIN LUTHER KIN
263587,27jun2012,2012,6,27,2335,HOMICIDE,1,16,3838,LOUISIANA AVE
263681,28jun2012,2012,6,28,1913,HOMICIDE,2,43,7039,MITCHELL AVE
264696,03jul2012,2012,7,3,1810,HOMICIDE,2,14,3224,JANUARY AVE
264697,03jul2012,2012,7,3,1810,HOMICIDE,2,14,3224,JANUARY AVE
264733,03jul2012,2012,7,3,2150,HOMICIDE,6,71,5467,QUEENS AVE
265381,08jul2012,2012,7,8,305,HOMICIDE,6,72,5074,GENEVIEVE AVE
265738,10jul2012,2012,7,10,1205,HOMICIDE,2,10,6250,FAMOUS AVE
265920,11jul2012,2012,7,11,1555,HOMICIDE,5,66,2049,E JOHN AVE
266023,12jul2012,2012,7,12,300,HOMICIDE,5,66,2022,E JOHN AVE
266151,12jul2012,2012,7,12,2135,HOMICIDE,3,25,2835,PENNSYLVANIA AVE
266516,15jul2012,2012,7,15,3,HOMICIDE,4,61,1224,N 15TH ST
266570,15jul2012,2012,7,15,1130,HOMICIDE,6,70,5916,NATURAL BRIDGE AVE
267227,19jul2012,2012,7,19,2325,HOMICIDE,6,76,5909,LALITE AVE
267550,21jul2012,2012,7,21,2246,HOMICIDE,3,25,2835,PENNSYLVANIA AVE
268289,26jul2012,2012,7,26,2115,HOMICIDE,3,19,3325,MIAMI ST
268290,26jul2012,2012,7,26,2115,HOMICIDE,3,19,3325,MIAMI ST
268864,30jul2012,2012,7,30,1849,HOMICIDE,7,52,5151,HIGHLAND AVE
269333,31jul2012,2012,7,31,105,HOMICIDE,7,52,5117,HIGHLAND
269379,01aug2012,2012,8,1,200,HOMICIDE,5,67,3900,N GARRISON AVE
269385,01aug2012,2012,8,1,230,HOMICIDE,6,69,4829,KOSSUTH AVE
270222,06aug2012,2012,8,6,1715,HOMICIDE,5,68,4525,MARY AVE
270226,06aug2012,2012,8,6,1746,HOMICIDE,6,72,5476,GENEVIEVE AVE
270858,10aug2012,2012,8,10,2305,HOMICIDE,7,48,5545,BARTMER AVE
270882,11aug2012,2012,8,11,145,HOMICIDE,5,66,0,I 70 EASTBOUND / E G
271922,18aug2012,2012,8,18,1420,HOMICIDE,9,38,301,N TAYLOR AVE
272129,19aug2012,2012,8,19,1710,HOMICIDE,6,72,4563,DAVISON AVE
272167,19aug2012,2012,8,19,2110,HOMICIDE,1,16,3305,KEOKUK ST
273645,29aug2012,2012,8,29,1117,HOMICIDE,1,3,3621,IRON
273728,29aug2012,2012,8,29,2116,HOMICIDE,1,16,2720,KEOKUK ST
273763,30aug2012,2012,8,30,301,HOMICIDE,6,73,5823,ERA AVE
277638,04sep2012,2012,9,4,2047,HOMICIDE,4,35,500,WASHINGTON AVE
277982,07sep2012,2012,9,7,1051,HOMICIDE,6,74,923,HORNSBY AVE
274498,10sep2012,2012,9,10,102,HOMICIDE,6,76,5632,HILLER PL
274499,10sep2012,2012,9,10,103,HOMICIDE,1,1,6011,PENNSYLVANIA AVE
274534,10sep2012,2012,9,10,1405,HOMICIDE,8,54,4755,NEWBERRY TER
274865,12sep2012,2012,9,12,2300,HOMICIDE,4,35,801,N 11TH ST
275985,20sep2012,2012,9,20,30,HOMICIDE,1,16,3751,DELOR ST
276640,24sep2012,2012,9,24,2130,HOMICIDE,8,53,4900,DR MARTIN LUTHER KIN
282821,29sep2012,2012,9,29,2000,HOMICIDE,6,74,9015,EDNA ST
282043,06oct2012,2012,10,6,1500,HOMICIDE,7,48,956,HAMILTON AVE
282316,08oct2012,2012,10,8,2130,HOMICIDE,3,19,3456,PENNSYLVANIA AVE
278651,10oct2012,2012,10,10,930,HOMICIDE,6,70,4600,RIVERVIEW BLVD
278632,10oct2012,2012,10,10,2349,HOMICIDE,6,72,5590,W FLORISSANT AVE
278912,12oct2012,2012,10,12,900,HOMICIDE,3,19,3531,CALIFORNIA AVE
279880,19oct2012,2012,10,19,1930,HOMICIDE,8,56,3933,ASHLAND AVE
281139,27oct2012,2012,10,27,2045,HOMICIDE,3,25,2645,MINNESOTA AVE
285946,03nov2012,2012,11,3,930,HOMICIDE,5,66,2016,E OBEAR AVE
283290,10nov2012,2012,11,10,25,HOMICIDE,7,46,5860,DELMAR BLVD
283393,10nov2012,2012,11,10,2100,HOMICIDE,6,76,5977,LALITE AVE
283696,13nov2012,2012,11,13,1305,HOMICIDE,7,51,707,N KINGSHIGHWAY BLVD
283922,15nov2012,2012,11,15,1,HOMICIDE,9,59,2410,N GRAND BLVD
284892,21nov2012,2012,11,21,1942,HOMICIDE,6,68,4250,E MARGARETTA AVE
289744,03dec2012,2012,12,3,1915,HOMICIDE,6,70,3710,DARBY ST
290153,05dec2012,2012,12,5,43,HOMICIDE,1,1,956,BATES ST
290513,08dec2012,2012,12,8,24,HOMICIDE,1,16,3831,MERAMEC ST
290566,08dec2012,2012,12,8,1705,HOMICIDE,6,71,5345,THEKLA AVE
287448,10dec2012,2012,12,10,2101,HOMICIDE,7,48,5445,PAGE BLVD
287763,13dec2012,2012,12,13,1755,HOMICIDE,8,58,4346,C D BANKS AVE
288559,19dec2012,2012,12,19,2245,HOMICIDE,8,55,4855,NORTHLAND AVE
289067,23dec2012,2012,12,23,1923,HOMICIDE,1,16,3132,CHIPPEWA ST
289455,27dec2012,2012,12,27,551,HOMICIDE,2,44,6644,OAKLAND AVE
298523,03jan2013,2013,1,3,200,HOMICIDE,6,74,1034,TILLIE
291168,03jan2013,2013,1,3,1800,HOMICIDE,7,51,5190,KENSINGTON AVE
291179,03jan2013,2013,1,3,1858,HOMICIDE,1,16,3956,S GRAND BLVD
291792,08jan2013,2013,1,8,1300,HOMICIDE,8,56,4452,ELMBANK AVE
292343,12jan2013,2013,1,12,435,HOMICIDE,6,72,5550,PARTRIDGE AVE
292435,12jan2013,2013,1,12,2210,HOMICIDE,6,76,5934,SHERRY AVE
292556,13jan2013,2013,1,13,2220,HOMICIDE,6,76,6301,LAURA AVE
292557,13jan2013,2013,1,13,2308,HOMICIDE,5,59,3625,N GARRISON AVE
292746,15jan2013,2013,1,15,1353,HOMICIDE,6,75,9214,RIVERVIEW DR
292776,15jan2013,2013,1,15,1700,HOMICIDE,1,16,4049,GILES AVE
292798,15jan2013,2013,1,15,2045,HOMICIDE,6,71,5072,ARLINGTON AVE
292959,16jan2013,2013,1,16,2340,HOMICIDE,1,16,4055,S GRAND BLVD
293305,19jan2013,2013,1,19,347,HOMICIDE,8,55,3524,N KINGSHIGHWAY
293977,24jan2013,2013,1,24,2350,HOMICIDE,1,17,2849,OSCEOLA ST
294051,25jan2013,2013,1,25,1640,HOMICIDE,6,73,5909,W FLORISSANT AVE
294073,25jan2013,2013,1,25,2010,HOMICIDE,5,66,2060,E DE SOTO AVE
294121,26jan2013,2013,1,26,753,HOMICIDE,5,66,2028,E LINTON AVE
294566,29jan2013,2013,1,29,2103,HOMICIDE,6,69,4031,N TAYLOR AVE
295737,04feb2013,2013,2,4,715,HOMICIDE,5,67,4225,OBEAR AVE
296201,07feb2013,2013,2,7,1802,HOMICIDE,4,64,1100,N LEONOR K SULLIVAN
296463,09feb2013,2013,2,9,1430,HOMICIDE,3,21,906,BARTON ST
296824,11feb2013,2013,2,11,2250,HOMICIDE,5,67,3221,NATURAL BRIDGE AVE
296932,12feb2013,2013,2,12,2334,HOMICIDE,4,35,200,WASHINGTON AVE
297166,15feb2013,2013,2,15,122,HOMICIDE,3,19,3725,TENNESSEE AVE
297769,21feb2013,2013,2,21,1420,HOMICIDE,5,68,4335,WARNE AVE
298389,28feb2013,2013,2,28,1810,HOMICIDE,6,69,4468,MARGARETTA AVE
299289,05mar2013,2013,3,5,1315,HOMICIDE,1,16,4622,TENNESSEE AVE
299582,07mar2013,2013,3,7,1838,HOMICIDE,5,68,2020,E ADELAIDE AVE
299905,09mar2013,2013,3,9,2215,HOMICIDE,6,74,8750,RIVERVIEW BLVD
299938,10mar2013,2013,3,10,150,HOMICIDE,4,35,0,N 2ND ST / LACLEDES
302287,30mar2013,2013,3,30,2130,HOMICIDE,6,74,8929,RIVERVIEW DR
302306,31mar2013,2013,3,31,100,HOMICIDE,3,23,2276,S JEFFERSON AVE
302871,01apr2013,2013,4,1,2215,HOMICIDE,5,68,4339,WARNE AVE
305503,21apr2013,2013,4,21,2215,HOMICIDE,6,71,4931,ARLINGTON AVE
305726,23apr2013,2013,4,23,1700,HOMICIDE,4,64,1246,LEWIS ST
305878,24apr2013,2013,4,24,2133,HOMICIDE,4,62,732,CARR ST
307247,02may2013,2013,5,2,1654,HOMICIDE,3,24,2503,OHIO AVE
307969,07may2013,2013,5,7,1652,HOMICIDE,6,69,4815,ANDERSON AVE
308246,09may2013,2013,5,9,1715,HOMICIDE,2,9,7001,WEIL AVE
310021,21may2013,2013,5,21,140,HOMICIDE,6,70,3725,DARBY ST
310156,21may2013,2013,5,21,2302,HOMICIDE,5,66,2101,E OBEAR AVE
310824,26may2013,2013,5,26,1824,HOMICIDE,5,65,2148,FARRAR ST
311309,30may2013,2013,5,30,103,HOMICIDE,5,66,1509,E LINTON AVE
311475,31may2013,2013,5,31,1120,HOMICIDE,1,5,4400,CHIPPEWA ST
315768,06jun2013,2013,6,6,2217,HOMICIDE,6,72,4530,ALCOTT AVE
312134,10jun2013,2013,6,10,31,HOMICIDE,1,5,5604,GRAVOIS AVE
312153,10jun2013,2013,6,10,1135,HOMICIDE,1,1,6130,VERMONT AVE
312662,13jun2013,2013,6,13,1325,HOMICIDE,3,19,2715,CHEROKEE ST
312663,13jun2013,2013,6,13,1325,HOMICIDE,3,19,2715,CHEROKEE ST
312664,13jun2013,2013,6,13,1325,HOMICIDE,3,19,2715,CHEROKEE ST
313947,21jun2013,2013,6,21,1600,HOMICIDE,5,67,4330,COLLEGE AVE
314459,25jun2013,2013,6,25,1130,HOMICIDE,7,52,5025,COTE BRILLIANTE AV
314973,29jun2013,2013,6,29,1,HOMICIDE,3,19,3462,TENNESSEE AVE
314974,29jun2013,2013,6,29,1,HOMICIDE,3,19,3462,TENNESSEE AVE
315076,29jun2013,2013,6,29,2340,HOMICIDE,7,47,5528,PERSHING AVE
316617,01jul2013,2013,7,1,848,HOMICIDE,9,37,2801,SAMUEL SHEPARD DR
317433,06jul2013,2013,7,6,1515,HOMICIDE,7,48,5457,PAGE BLVD
317796,08jul2013,2013,7,8,2240,HOMICIDE,7,50,2739,SEMPLE AVE
318002,10jul2013,2013,7,10,330,HOMICIDE,6,76,5123,GOODFELLOW BLVD
318081,10jul2013,2013,7,10,1910,HOMICIDE,5,66,2036,E JOHN AVE
318880,16jul2013,2013,7,16,1615,HOMICIDE,8,56,3943,ASHLAND AVE
319097,18jul2013,2013,7,18,1,HOMICIDE,4,35,10,N 7TH ST
319595,21jul2013,2013,7,21,323,HOMICIDE,1,5,4210,NEOSHO ST
320844,29jul2013,2013,7,29,750,HOMICIDE,8,56,4451,LABADIE AVE
321079,31jul2013,2013,7,31,630,HOMICIDE,7,78,1372,BURD AVE
321828,03aug2013,2013,8,3,230,HOMICIDE,5,68,2104,E ALICE AVE
321912,03aug2013,2013,8,3,1755,HOMICIDE,6,70,4719,GOODFELLOW BLVD
322021,04aug2013,2013,8,4,950,HOMICIDE,8,57,1715,ANNIE MALONE DR
322435,06aug2013,2013,8,6,2235,HOMICIDE,3,25,3454,JUNIATA ST
322855,09aug2013,2013,8,9,2045,HOMICIDE,6,68,4295,E KOSSUTH AVE
322856,09aug2013,2013,8,9,2045,HOMICIDE,6,68,4295,E KOSSUTH AVE
323621,14aug2013,2013,8,14,2335,HOMICIDE,4,62,1319,N 7TH ST
323723,15aug2013,2013,8,15,1750,HOMICIDE,1,16,4721,LOUISIANA AVE
324768,22aug2013,2013,8,22,2246,HOMICIDE,6,70,5501,NATURAL BRIDGE AVE
325192,26aug2013,2013,8,26,105,HOMICIDE,7,52,5382,SAINT LOUIS AVE
325814,31aug2013,2013,8,31,40,HOMICIDE,4,35,443,MEMORIAL DR
328012,02sep2013,2013,9,2,1615,HOMICIDE,6,74,1103,MCLARAN AVE
330273,07sep2013,2013,9,7,2335,HOMICIDE,6,71,5035,DURANT AVE
330533,09sep2013,2013,9,9,204,HOMICIDE,6,74,8410,HALLS FERRY RD
326719,11sep2013,2013,9,11,2121,HOMICIDE,6,69,3931,SHREVE AVE
328183,20sep2013,2013,9,20,1900,HOMICIDE,9,59,3718,COTE BRILLIANTE AV
328461,22sep2013,2013,9,22,225,HOMICIDE,5,65,3916,N FLORISSANT AVE
328454,22sep2013,2013,9,22,1939,HOMICIDE,6,73,8606,PARK LN
328611,23sep2013,2013,9,23,2313,HOMICIDE,2,82,0,"XY(88006780,102243"
329163,27sep2013,2013,9,27,2300,HOMICIDE,8,55,4738,COTE BRILLIANTE AV
329394,29sep2013,2013,9,29,1355,HOMICIDE,3,19,3542,OREGON AVE
332088,02oct2013,2013,10,2,1813,HOMICIDE,7,78,5650,MINERVA AVE
333834,05oct2013,2013,10,5,1600,HOMICIDE,8,56,1901,N TAYLOR AVE
333987,07oct2013,2013,10,7,149,HOMICIDE,6,73,5939,GOODFELLOW BLVD
334336,09oct2013,2013,10,9,800,HOMICIDE,9,38,4451,WASHINGTON AVE
330882,11oct2013,2013,10,11,2,HOMICIDE,1,2,7512,VERMONT AVE
330915,11oct2013,2013,10,11,1312,HOMICIDE,5,59,3815,LABADIE AVE
331158,13oct2013,2013,10,13,49,HOMICIDE,6,73,1817,MCLARAN AVE
331159,13oct2013,2013,10,13,49,HOMICIDE,6,73,1817,MCLARAN AVE
331271,13oct2013,2013,10,13,635,HOMICIDE,1,17,4240,CALIFORNIA AVE
331251,13oct2013,2013,10,13,2205,HOMICIDE,5,66,5212,BLAIR AVE
331677,17oct2013,2013,10,17,1602,HOMICIDE,6,74,713,BITTNER ST
331978,19oct2013,2013,10,19,2120,HOMICIDE,3,24,2815,SIDNEY ST
332478,22oct2013,2013,10,22,715,HOMICIDE,7,50,3025,GOODFELLOW BLVD
332766,25oct2013,2013,10,25,1221,HOMICIDE,7,51,1404,UNION BLVD
332969,26oct2013,2013,10,26,325,HOMICIDE,7,50,5815,DR MARTIN LUTHER K
333528,30oct2013,2013,10,30,230,HOMICIDE,8,53,1141,AUBERT AVE
338071,07nov2013,2013,11,7,320,HOMICIDE,7,50,5353,COTE BRILLIANTE AV
337994,07nov2013,2013,11,7,1300,HOMICIDE,5,68,1470,E ADELAIDE AVE
335321,12nov2013,2013,11,12,45,HOMICIDE,4,61,1518,CASS AVE
335350,12nov2013,2013,11,12,1237,HOMICIDE,7,50,5949,WABADA AVE
335648,14nov2013,2013,11,14,2215,HOMICIDE,8,55,4745,HAMMETT PL
335705,15nov2013,2013,11,15,1340,HOMICIDE,6,68,4473,CLARENCE AVE
336876,24nov2013,2013,11,24,100,HOMICIDE,7,50,5321,ST LOUIS AVE
336947,24nov2013,2013,11,24,2213,HOMICIDE,1,1,6600,MINNESOTA AVE
338611,25nov2013,2013,11,25,2218,HOMICIDE,6,69,4548,MARGARETTA AVE
338685,29nov2013,2013,11,29,200,HOMICIDE,3,21,1000,LAMI ST
338728,01dec2013,2013,12,1,15,HOMICIDE,5,64,619,WITHERS AVE
341449,04dec2013,2013,12,4,2050,HOMICIDE,6,74,8549,CHURCH RD
341512,05dec2013,2013,12,5,1255,HOMICIDE,5,67,3521,KOSSUTH AVE
341519,05dec2013,2013,12,5,1405,HOMICIDE,8,56,4432,ELMBANK AVE
341520,05dec2013,2013,12,5,1405,HOMICIDE,8,56,4432,ELMBANK AVE
341648,06dec2013,2013,12,6,1749,HOMICIDE,1,4,3722,UPTON ST
341827,08dec2013,2013,12,8,2300,HOMICIDE,7,52,5128,WABADA AVE
339469,15dec2013,2013,12,15,1852,HOMICIDE,4,61,1211,HOGAN ST
339937,19dec2013,2013,12,19,620,HOMICIDE,7,78,1462,ARLINGTON AVE
400601,21dec2013,2013,12,21,2213,HOMICIDE,5,50,5323,NORTHLAND
340300,21dec2013,2013,12,21,2336,HOMICIDE,6,74,7800,N BROADWAY
340633,25dec2013,2013,12,25,2215,HOMICIDE,8,56,3849,COTTAGE AVE
340957,28dec2013,2013,12,28,2345,HOMICIDE,5,60,2805,N 19TH ST
340995,29dec2013,2013,12,29,1340,HOMICIDE,5,67,4029,PECK ST
340996,29dec2013,2013,12,29,1340,HOMICIDE,5,67,4029,PECK ST
341193,30dec2013,2013,12,30,123,HOMICIDE,5,63,2700,N 11TH ST
341244,30dec2013,2013,12,30,2158,HOMICIDE,7,50,5884,TERRY AVE
342460,06jan2014,2014,1,6,1924,HOMICIDE,4,66,NA,BLAIR AVE
342541,08jan2014,2014,1,8,53,HOMICIDE,3,31,NA,HICKORY ST
342556,08jan2014,2014,1,8,1030,HOMICIDE,6,74,NA,RIVERTRAIL CT
342597,08jan2014,2014,1,8,2100,HOMICIDE,5,47,NA,KINGSBURY AVE
342868,11jan2014,2014,1,11,1640,HOMICIDE,5,53,NA,N EUCLID AVE
343213,14jan2014,2014,1,14,1136,HOMICIDE,6,72,NA,DAVISON AVE
343867,20jan2014,2014,1,20,2055,HOMICIDE,5,50,NA,ELMBANK AVE
343877,21jan2014,2014,1,21,30,HOMICIDE,6,69,NA,POPE AVE
343969,21jan2014,2014,1,21,2030,HOMICIDE,5,38,NA,FOREST PARK AVE
343972,21jan2014,2014,1,21,2039,HOMICIDE,6,56,NA,ROLLA PL
344466,26jan2014,2014,1,26,2012,HOMICIDE,4,61,NA,PRESERVATION PL
344467,26jan2014,2014,1,26,2020,HOMICIDE,1,16,NA,MOUNT PLEASANT ST
344468,26jan2014,2014,1,26,2020,HOMICIDE,1,16,NA,MOUNT PLEASANT ST
344539,27jan2014,2014,1,27,1328,HOMICIDE,4,60,NA,MONTGOMERY ST
344655,28jan2014,2014,1,28,1930,HOMICIDE,6,71,NA,ASHBY AVE
345501,01feb2014,2014,2,1,142,HOMICIDE,6,71,5380,QUEENS AVE
347512,03feb2014,2014,2,3,1455,HOMICIDE,1,1,7875,GOYA PL
345629,10feb2014,2014,2,10,1011,HOMICIDE,4,64,3001,N WHARF ST
345774,11feb2014,2014,2,11,215,HOMICIDE,5,78,1405,ROWAN AVE
345827,12feb2014,2014,2,12,1202,HOMICIDE,6,71,5403,UNION BLVD
347326,27feb2014,2014,2,27,1215,HOMICIDE,5,50,1701,UNION BLVD
348384,01mar2014,2014,3,1,55,HOMICIDE,3,24,2728,ACCOMAC ST
351161,04mar2014,2014,3,4,711,HOMICIDE,4,60,2572,W SULLIVAN AVE
351205,05mar2014,2014,3,5,1725,HOMICIDE,6,69,4141,N NEWSTEAD AVE
351435,07mar2014,2014,3,7,2140,HOMICIDE,5,55,4955,COTE BRILLIANTE AV
348690,11mar2014,2014,3,11,48,HOMICIDE,6,71,5037,ARLINGTON AVE
348762,11mar2014,2014,3,11,2110,HOMICIDE,5,50,2505,HODIAMONT AVE
349090,14mar2014,2014,3,14,2125,HOMICIDE,4,59,2908,UNIVERSITY ST
349201,15mar2014,2014,3,15,1735,HOMICIDE,3,19,3519,PENNSYLVANIA AVE
349457,17mar2014,2014,3,17,2154,HOMICIDE,5,55,4946,ALDINE AVE
349848,20mar2014,2014,3,20,2320,HOMICIDE,3,19,3515,MINNESOTA AVE
351872,21mar2014,2014,3,21,1620,HOMICIDE,5,50,2505,HODIAMONT
350249,24mar2014,2014,3,24,200,HOMICIDE,4,62,1205,N 7TH ST
350432,26mar2014,2014,3,26,1215,HOMICIDE,3,25,3170,S COMPTON AVE
350484,26mar2014,2014,3,26,2056,HOMICIDE,2,15,3630,THOLOZAN AVE
350935,30mar2014,2014,3,30,1403,HOMICIDE,6,73,8933,RIVERVIEW BLVD
352165,02apr2014,2014,4,2,1429,HOMICIDE,5,50,1957,BELT AVE
352166,02apr2014,2014,4,2,1429,HOMICIDE,5,50,1957,BELT AVE
352608,06apr2014,2014,4,6,1224,HOMICIDE,4,60,2552,N MARKET ST
352734,07apr2014,2014,4,7,1400,HOMICIDE,6,64,4828,N BROADWAY
352787,07apr2014,2014,4,7,2152,HOMICIDE,5,55,4837,HAMMETT PL
353106,10apr2014,2014,4,10,1440,HOMICIDE,6,56,3627,HARRIS AVE
353362,12apr2014,2014,4,12,350,HOMICIDE,1,1,618,HOLLY HILLS AVE
354175,18apr2014,2014,4,18,2135,HOMICIDE,5,50,5720,TERRY AVE
354444,20apr2014,2014,4,20,2200,HOMICIDE,6,68,4672,POPE AVE
354560,22apr2014,2014,4,22,56,HOMICIDE,5,50,1924,CLARA AVE
356414,04may2014,2014,5,4,2030,HOMICIDE,5,50,2632,BURD AVE
356478,05may2014,2014,5,5,1201,HOMICIDE,5,38,4452,WASHINGTON AVE
357348,11may2014,2014,5,11,1934,HOMICIDE,5,54,10,LEWIS PL
357648,14may2014,2014,5,14,1030,HOMICIDE,4,36,301,N 13TH ST
358210,18may2014,2014,5,18,2125,HOMICIDE,6,56,3139,CLAY AVE
358283,19may2014,2014,5,19,1435,HOMICIDE,5,47,5564,DELMAR BLVD
358344,19may2014,2014,5,19,2335,HOMICIDE,1,5,4404,WALLACE AVE
359226,27may2014,2014,5,27,1225,HOMICIDE,6,66,4720,N 20TH ST
360157,31may2014,2014,5,31,2250,HOMICIDE,5,52,5109,NORTHLAND AVE
360654,04jun2014,2014,6,4,1800,HOMICIDE,1,1,6141,ALASKA AVE
361290,09jun2014,2014,6,9,2253,HOMICIDE,1,5,4606,NEWPORT AVE
362865,21jun2014,2014,6,21,2315,HOMICIDE,6,76,5930,THEODORE AVE
362886,22jun2014,2014,6,22,230,HOMICIDE,4,59,3915,ST LOUIS AVE
362973,22jun2014,2014,6,22,1857,HOMICIDE,3,16,3922,OREGON AVE
363537,27jun2014,2014,6,27,1540,HOMICIDE,4,61,1319,N 14TH ST
364484,02jul2014,2014,7,2,1346,HOMICIDE,5,54,1314,WALTON AVE
364783,04jul2014,2014,7,4,2018,HOMICIDE,5,55,4729,HAMMETT PL
364842,05jul2014,2014,7,5,147,HOMICIDE,4,35,201,CARR ST
365028,06jul2014,2014,7,6,1500,HOMICIDE,3,16,3404,CHIPPEWA ST
365409,09jul2014,2014,7,9,128,HOMICIDE,5,48,5841,CABANNE AVE
365410,09jul2014,2014,7,9,128,HOMICIDE,5,48,5841,CABANNE AVE
366404,16jul2014,2014,7,16,2030,HOMICIDE,4,59,2930,SULLIVAN AVE
366916,20jul2014,2014,7,20,1635,HOMICIDE,6,74,733,THRUSH AVE
367237,23jul2014,2014,7,23,10,HOMICIDE,6,73,6055,W FLORISSANT AVE
367362,23jul2014,2014,7,23,2302,HOMICIDE,4,60,1912,WARREN ST
367381,24jul2014,2014,7,24,140,HOMICIDE,1,2,7318,VERMONT AVE
367971,29jul2014,2014,7,29,150,HOMICIDE,1,1,6201,MICHIGAN AVE
368155,30jul2014,2014,7,30,1947,HOMICIDE,5,50,1949,HODIAMONT AVE
369169,04aug2014,2014,8,4,2103,HOMICIDE,6,75,10549,RIVERVIEW DR
369215,05aug2014,2014,8,5,721,HOMICIDE,1,17,4450,MINNESOTA AVE
369323,05aug2014,2014,8,5,2146,HOMICIDE,6,71,5420,N KINGSHIGHWAY BLVD
372705,08aug2014,2014,8,8,1855,HOMICIDE,6,68,4341,WARNE
369874,09aug2014,2014,8,9,2355,HOMICIDE,5,53,1444,N KINGSHIGHWAY BLVD
369994,10aug2014,2014,8,10,2236,HOMICIDE,3,18,3620,SALENA ST
371008,18aug2014,2014,8,18,2301,HOMICIDE,5,51,5038,PAGE BLVD
371064,19aug2014,2014,8,19,1215,HOMICIDE,6,74,8713,RIVERVIEW BLVD
371162,19aug2014,2014,8,19,2200,HOMICIDE,3,19,2811,MIAMI ST
371400,21aug2014,2014,8,21,2042,HOMICIDE,5,38,4050,DELMAR BLVD
371618,23aug2014,2014,8,23,1630,HOMICIDE,4,65,4020,GLASGOW AVE
371652,23aug2014,2014,8,23,2122,HOMICIDE,4,59,2425,N SPRING AVE
372169,28aug2014,2014,8,28,1442,HOMICIDE,4,63,2708,BLAIR AVE
372300,29aug2014,2014,8,29,1727,HOMICIDE,5,57,4429,ST FERDINAND AVE
372356,29aug2014,2014,8,29,2359,HOMICIDE,5,50,5885,SAINT LOUIS AVE
372517,31aug2014,2014,8,31,1415,HOMICIDE,4,65,4232,N 19TH ST
373194,03sep2014,2014,9,3,16,HOMICIDE,1,1,7200,MICHIGAN AVE
373387,04sep2014,2014,9,4,1449,HOMICIDE,6,64,430,ADELAIDE AVE
373418,04sep2014,2014,9,4,1816,HOMICIDE,4,60,1724,N 20TH ST
373424,04sep2014,2014,9,4,1941,HOMICIDE,4,66,0,E GRAND AVE / I 70 EASTBOUND
373437,04sep2014,2014,9,4,2130,HOMICIDE,6,67,4235,OBEAR AVE
373484,05sep2014,2014,9,5,750,HOMICIDE,5,48,1249,GOODFELLOW BLVD
373485,05sep2014,2014,9,5,750,HOMICIDE,5,48,1249,GOODFELLOW BLVD
373575,05sep2014,2014,9,5,2210,HOMICIDE,3,30,2654,GRAVOIS AVE
373838,07sep2014,2014,9,7,2146,HOMICIDE,5,48,1201,N SKINKER PKWY
374889,15sep2014,2014,9,15,2130,HOMICIDE,6,73,8649,RIVERVIEW BLVD
375567,20sep2014,2014,9,20,1840,HOMICIDE,4,63,1233,BRISTOL LN
376163,24sep2014,2014,9,24,2030,HOMICIDE,5,55,2850,N EUCLID AVE
376294,25sep2014,2014,9,25,2151,HOMICIDE,5,56,4042,COTE BRILLIANTE AVE
376295,25sep2014,2014,9,25,2151,HOMICIDE,5,56,4042,COTE BRILLIANTE AVE
376493,27sep2014,2014,9,27,243,HOMICIDE,3,20,1530,S 7TH ST
377353,01oct2014,2014,10,1,2037,HOMICIDE,3,16,3471,MONTANA ST
377945,06oct2014,2014,10,6,1430,HOMICIDE,4,35,2,S 4TH ST
377946,06oct2014,2014,10,6,1430,HOMICIDE,4,35,2,S 4TH ST
381266,08oct2014,2014,10,8,1928,HOMICIDE,2,27,4178,SHAW BLVD
378515,10oct2014,2014,10,10,1539,HOMICIDE,4,35,999,CLARK AVE
379015,14oct2014,2014,10,14,40,HOMICIDE,6,68,4575,ALICE AVE
379047,14oct2014,2014,10,14,850,HOMICIDE,6,85,0,"@OFALLON PARK : XY(90032441,10"
379048,14oct2014,2014,10,14,850,HOMICIDE,6,85,0,"@OFALLON PARK : XY(90032441,10"
379086,14oct2014,2014,10,14,1530,HOMICIDE,6,72,5517,THRUSH AVE
379112,14oct2014,2014,10,14,1943,HOMICIDE,4,77,1333,PRAIRIE AVE
379488,17oct2014,2014,10,17,2221,HOMICIDE,6,71,5056,CLAXTON AVE
379632,18oct2014,2014,10,18,2341,HOMICIDE,6,72,5652,LILLIAN AVE
379656,19oct2014,2014,10,19,210,HOMICIDE,6,72,5702,SALOMA AVE
379956,21oct2014,2014,10,21,1457,HOMICIDE,4,59,2900,HEBERT ST
379983,21oct2014,2014,10,21,1823,HOMICIDE,6,76,5122,GOODFELLOW BLVD
379999,21oct2014,2014,10,21,2026,HOMICIDE,6,72,4914,BEACON AVE
380089,22oct2014,2014,10,22,1652,HOMICIDE,3,19,3507,PENNSYLVANIA AVE
380230,23oct2014,2014,10,23,2205,HOMICIDE,6,71,5028,QUEENS AVE
380287,24oct2014,2014,10,24,1230,HOMICIDE,5,50,2747,GOODFELLOW BLVD
380339,24oct2014,2014,10,24,2028,HOMICIDE,6,66,1518,LINTON AVE
381146,31oct2014,2014,10,31,1720,HOMICIDE,2,42,1205,HAMPTON AVE
381714,02nov2014,2014,11,2,1827,HOMICIDE,5,50,5747,GOODFELLOW PL
382504,09nov2014,2014,11,9,100,HOMICIDE,5,51,5248,MINERVA AVE
382690,10nov2014,2014,11,10,1330,HOMICIDE,3,23,2311,RUSSELL BLVD
382746,10nov2014,2014,11,10,2108,HOMICIDE,5,47,5600,PERSHING AVE
382815,11nov2014,2014,11,11,1553,HOMICIDE,5,55,4808,LEDUC ST
382917,12nov2014,2014,11,12,1545,HOMICIDE,6,74,8721,ANNETTA ST
382925,12nov2014,2014,11,12,1709,HOMICIDE,6,69,4008,CORA AVE
383027,13nov2014,2014,11,13,2000,HOMICIDE,3,16,4105,CALIFORNIA AVE
383376,16nov2014,2014,11,16,1757,HOMICIDE,4,36,201,N 17TH ST
400580,17nov2014,2014,11,17,1118,HOMICIDE,6,74,844,CANAAN
383643,19nov2014,2014,11,19,302,HOMICIDE,6,73,8512,PARK LN
383726,19nov2014,2014,11,19,2147,HOMICIDE,5,48,6105,ETZEL AVE
383921,21nov2014,2014,11,21,1405,HOMICIDE,6,73,6001,W FLORISSANT AVE
384054,22nov2014,2014,11,22,1257,HOMICIDE,6,56,4000,LABADIE AVE
384569,25nov2014,2014,11,25,2218,HOMICIDE,5,54,4716,VERNON AVE
384879,28nov2014,2014,11,28,2123,HOMICIDE,6,74,940,HARLAN AVE
384892,28nov2014,2014,11,28,2317,HOMICIDE,4,67,4041,PECK ST
385026,30nov2014,2014,11,30,115,HOMICIDE,1,5,4210,ITASKA ST
385584,02dec2014,2014,12,2,1,HOMICIDE,1,16,3841,GUSTINE AVE
385684,02dec2014,2014,12,2,2255,HOMICIDE,1,1,6023,VIRGINIA AVE
385766,03dec2014,2014,12,3,1630,HOMICIDE,5,50,5725,TERRY AVE
385881,04dec2014,2014,12,4,1655,HOMICIDE,5,54,4599,PAGE BLVD
385966,05dec2014,2014,12,5,810,HOMICIDE,4,59,3010,THOMAS ST
386124,06dec2014,2014,12,6,1045,HOMICIDE,6,73,1817,MCLARAN AVE
386268,07dec2014,2014,12,7,1620,HOMICIDE,1,17,4753,S COMPTON AVE
386430,08dec2014,2014,12,8,1748,HOMICIDE,6,56,4404,LABADIE AVE
386437,08dec2014,2014,12,8,1805,HOMICIDE,5,58,4109,ENRIGHT AVE
386586,09dec2014,2014,12,9,1950,HOMICIDE,6,71,5029,EMERSON AVE
387129,14dec2014,2014,12,14,259,HOMICIDE,6,74,8880,N BROADWAY
387288,15dec2014,2014,12,15,1445,HOMICIDE,1,16,4669,DEWEY AVE
387406,16dec2014,2014,12,16,1327,HOMICIDE,1,17,300,WALSH ST
387805,19dec2014,2014,12,19,2030,HOMICIDE,6,74,711,THRUSH AVE
387981,21dec2014,2014,12,21,100,HOMICIDE,5,47,5505,LINDELL BLVD
388289,23dec2014,2014,12,23,1600,HOMICIDE,4,59,2811,DAYTON ST
388317,23dec2014,2014,12,23,1924,HOMICIDE,5,78,5401,RIDGE AVE
388391,24dec2014,2014,12,24,1211,HOMICIDE,5,51,818,CLARENDON AVE
388414,24dec2014,2014,12,24,1720,HOMICIDE,4,36,1610,OLIVE ST
388427,24dec2014,2014,12,24,1926,HOMICIDE,5,51,5019,KENSINGTON AVE
388558,26dec2014,2014,12,26,934,HOMICIDE,5,48,5889,PLYMOUTH AVE
388972,29dec2014,2014,12,29,2017,HOMICIDE,5,58,4183,ENRIGHT AVE
389455,03jan2015,2015,1,3,238,HOMICIDE,4,61,1119,N TUCKER BLVD
390265,11jan2015,2015,1,11,43,HOMICIDE,4,36,700,N 15TH ST
390691,14jan2015,2015,1,14,1925,HOMICIDE,5,51,5034,CATES AVE
390723,15jan2015,2015,1,15,20,HOMICIDE,1,1,7860,TENNESSEE PL
390724,15jan2015,2015,1,15,43,HOMICIDE,3,16,3502,OSAGE ST
390725,15jan2015,2015,1,15,43,HOMICIDE,3,16,3502,OSAGE ST
390727,15jan2015,2015,1,15,250,HOMICIDE,2,11,2111,SULPHUR AVE
390740,15jan2015,2015,1,15,800,HOMICIDE,3,34,1010,S TUCKER BLVD
390795,15jan2015,2015,1,15,1715,HOMICIDE,6,76,5640,ACME AVE
390975,16jan2015,2015,1,16,2227,HOMICIDE,1,17,4420,PENNSYLVANIA AVE
391148,18jan2015,2015,1,18,5,HOMICIDE,5,54,4572,EVANS AVE
391174,18jan2015,2015,1,18,900,HOMICIDE,6,79,7140,N BROADWAY
391300,19jan2015,2015,1,19,1040,HOMICIDE,1,5,4460,ITASKA ST
391519,20jan2015,2015,1,20,2308,HOMICIDE,5,55,4735,CUPPLES PL
427955,21jan2015,2015,1,21,2145,HOMICIDE,5,56,4660,COTTAGE
392216,27jan2015,2015,1,27,36,HOMICIDE,5,48,5820,CABANNE AVE
392627,30jan2015,2015,1,30,1950,HOMICIDE,6,83,4100,HULL PL
427961,03feb2015,2015,2,3,1535,HOMICIDE,3,16,4133,MINNESOTA AVE
394302,09feb2015,2015,2,9,1713,HOMICIDE,6,71,4548,N KINGSHIGHWAY BLVD
394414,10feb2015,2015,2,10,1853,HOMICIDE,5,50,5811,SELBER CT
394647,13feb2015,2015,2,13,21,HOMICIDE,1,5,4420,CHIPPEWA ST
394741,14feb2015,2015,2,14,1,HOMICIDE,1,17,4335,MINNESOTA AVE
394926,15feb2015,2015,2,15,234,HOMICIDE,2,28,4055,MCREE AVE
395832,25feb2015,2015,2,25,1600,HOMICIDE,6,56,3144,N SARAH ST
397769,11mar2015,2015,3,11,1900,HOMICIDE,6,69,4500,W FLORISSANT AVE
398154,14mar2015,2015,3,14,1935,HOMICIDE,6,56,4671,ELMBANK AVE
398701,18mar2015,2015,3,18,1150,HOMICIDE,2,11,0,HAMPTON AVE / I 44 WESTBOUND
398702,18mar2015,2015,3,18,1150,HOMICIDE,2,11,0,HAMPTON AVE / I 44 WESTBOUND
399520,23mar2015,2015,3,23,2320,HOMICIDE,6,70,4301,GOODFELLOW BLVD
399964,27mar2015,2015,3,27,1430,HOMICIDE,1,5,4467,ITASKA ST
399965,27mar2015,2015,3,27,1430,HOMICIDE,1,5,4467,ITASKA ST
399974,27mar2015,2015,3,27,1530,HOMICIDE,1,16,4232,S 37TH ST
400427,30mar2015,2015,3,30,1849,HOMICIDE,3,33,1206,PARK AVE
400428,30mar2015,2015,3,30,1849,HOMICIDE,3,33,1206,PARK AVE
400783,01apr2015,2015,4,1,1637,HOMICIDE,6,56,3501,N NEWSTEAD AVE
400941,02apr2015,2015,4,2,1815,HOMICIDE,6,71,5082,QUEENS AVE
400958,02apr2015,2015,4,2,2022,HOMICIDE,5,51,5024,CATES AVE
401004,03apr2015,2015,4,3,1050,HOMICIDE,5,53,765,WALTON AVE
401157,04apr2015,2015,4,4,615,HOMICIDE,2,8,5225,JAMIESON AVE
401238,04apr2015,2015,4,4,2135,HOMICIDE,6,56,3910,NATURAL BRIDGE AVE
402185,10apr2015,2015,4,10,2059,HOMICIDE,5,48,5747,MAPLE AVE
402345,11apr2015,2015,4,11,2040,HOMICIDE,5,50,5577,COTE BRILLIANTE AVE
402507,13apr2015,2015,4,13,7,HOMICIDE,5,50,5532,GREER AVE
414122,16apr2015,2015,4,16,1,HOMICIDE,5,51,5020,MINERVA
403177,16apr2015,2015,4,16,1245,HOMICIDE,6,68,2145,E ALICE AVE
403420,17apr2015,2015,4,17,2100,HOMICIDE,6,69,4109,N NEWSTEAD AVE
403431,17apr2015,2015,4,17,2335,HOMICIDE,3,30,3167,PENNSYLVANIA AVE
403834,20apr2015,2015,4,20,1542,HOMICIDE,4,66,1523,E GRAND BLVD
404061,22apr2015,2015,4,22,303,HOMICIDE,5,52,5256,NORTHLAND AVE
404184,22apr2015,2015,4,22,1745,HOMICIDE,6,70,4333,GOODFELLOW BLVD
404357,23apr2015,2015,4,23,2315,HOMICIDE,4,77,1318,N VANDEVENTER AVE
404423,24apr2015,2015,4,24,1330,HOMICIDE,4,36,1401,LUCAS AVE
405123,29apr2015,2015,4,29,1434,HOMICIDE,6,69,4739,NATURAL BRIDGE AVE
405209,29apr2015,2015,4,29,2200,HOMICIDE,6,56,4024,NATURAL BRIDGE AVE
405210,29apr2015,2015,4,29,2200,HOMICIDE,6,56,4024,NATURAL BRIDGE AVE
405734,01may2015,2015,5,1,1508,HOMICIDE,4,59,2614,HOWARD ST
405820,02may2015,2015,5,2,324,HOMICIDE,4,65,2301,SALISBURY ST
405931,02may2015,2015,5,2,2217,HOMICIDE,4,59,3000,N VANDEVENTER AVE
405932,02may2015,2015,5,2,2217,HOMICIDE,4,59,3000,N VANDEVENTER AVE
406297,05may2015,2015,5,5,1451,HOMICIDE,6,70,6007,NATURAL BRIDGE AVE
407014,10may2015,2015,5,10,1134,HOMICIDE,5,55,2618,N EUCLID AVE
407057,10may2015,2015,5,10,2055,HOMICIDE,5,57,2814,N TAYLOR AVE
407339,12may2015,2015,5,12,2329,HOMICIDE,5,50,3146,GOODFELLOW BLVD
407522,14may2015,2015,5,14,1428,HOMICIDE,6,74,8400,LOWELL LN
407561,14may2015,2015,5,14,2045,HOMICIDE,4,77,1101,N VANDEVENTER AVE
408436,21may2015,2015,5,21,2230,HOMICIDE,5,58,4183,ENRIGHT AVE
408566,22may2015,2015,5,22,2305,HOMICIDE,5,50,5563,HEBERT ST
408879,25may2015,2015,5,25,1152,HOMICIDE,4,65,2117,BREMEN AVE
409245,27may2015,2015,5,27,2145,HOMICIDE,6,74,731,DODDRIDGE ST
409269,28may2015,2015,5,28,225,HOMICIDE,6,72,5502,GENEVIEVE AVE
409440,29may2015,2015,5,29,1410,HOMICIDE,5,52,5237,ST LOUIS AVE
410258,02jun2015,2015,6,2,327,HOMICIDE,6,56,3623,N NEWSTEAD AVE
410259,02jun2015,2015,6,2,327,HOMICIDE,6,56,3623,N NEWSTEAD AVE
410578,04jun2015,2015,6,4,1508,HOMICIDE,4,59,3845,GREER AVE
410779,05jun2015,2015,6,5,2130,HOMICIDE,2,15,3949,FAIRVIEW AVE
410810,06jun2015,2015,6,6,310,HOMICIDE,4,59,3837,SULLIVAN AVE
410925,07jun2015,2015,6,7,220,HOMICIDE,1,5,4310,CHIPPEWA ST
411246,09jun2015,2015,6,9,1640,HOMICIDE,4,59,3721,N MARKET ST
411303,10jun2015,2015,6,10,5,HOMICIDE,6,69,3900,N KINGSHIGHWAY BLVD
412094,15jun2015,2015,6,15,2216,HOMICIDE,6,69,4523,MARGARETTA AVE
412112,16jun2015,2015,6,16,115,HOMICIDE,6,74,8737,N BROADWAY
412113,16jun2015,2015,6,16,115,HOMICIDE,6,74,8737,N BROADWAY
412163,16jun2015,2015,6,16,1343,HOMICIDE,5,50,5942,HIGHLAND AVE
418939,19jun2015,2015,6,19,2212,HOMICIDE,5,50,5607,MARTIN LUTHER KING
412689,20jun2015,2015,6,20,1200,HOMICIDE,5,48,1278,HODIAMONT AVE
412808,21jun2015,2015,6,21,104,HOMICIDE,5,55,4837,NORTHLAND AVE
412894,21jun2015,2015,6,21,1645,HOMICIDE,6,56,4212,W LEXINGTON AVE
413104,23jun2015,2015,6,23,239,HOMICIDE,4,65,2006,SALISBURY ST
413225,23jun2015,2015,6,23,2320,HOMICIDE,3,18,1951,PRESIDENT ST
413497,26jun2015,2015,6,26,851,HOMICIDE,3,26,2922,GEYER AVE
413546,26jun2015,2015,6,26,1534,HOMICIDE,5,52,5115,PALM ST
413783,28jun2015,2015,6,28,1304,HOMICIDE,5,48,6032,SUBURBAN AVE
413812,28jun2015,2015,6,28,1706,HOMICIDE,4,60,2234,BENTON ST
413908,29jun2015,2015,6,29,1158,HOMICIDE,5,50,2525,SEMPLE AVE
413929,29jun2015,2015,6,29,1625,HOMICIDE,4,59,3801,SULLIVAN AVE
414716,03jul2015,2015,7,3,124,HOMICIDE,5,52,5206,SAINT LOUIS AVE
415498,08jul2015,2015,7,8,1324,HOMICIDE,6,69,4335,N NEWSTEAD AVE
415840,10jul2015,2015,7,10,2042,HOMICIDE,4,59,1325,N GARRISON AVE
416277,13jul2015,2015,7,13,1930,HOMICIDE,5,50,5815,LOTUS AVE
416314,14jul2015,2015,7,14,50,HOMICIDE,1,16,3543,BINGHAM AVE
416697,16jul2015,2015,7,16,1836,HOMICIDE,6,56,3899,NATURAL BRIDGE AVE
436076,16jul2015,2015,7,16,2200,HOMICIDE,6,74,732,THRUSH
417090,19jul2015,2015,7,19,50,HOMICIDE,6,83,4102,WARNE AVE
417115,19jul2015,2015,7,19,244,HOMICIDE,4,64,1547,SOUTH 7TH ST
417121,19jul2015,2015,7,19,345,HOMICIDE,4,36,500,N 13TH ST
417229,19jul2015,2015,7,19,2230,HOMICIDE,6,71,4520,N EUCLID AVE
417234,19jul2015,2015,7,19,2345,HOMICIDE,4,77,3645,FINNEY AVE
417258,20jul2015,2015,7,20,235,HOMICIDE,6,71,5420,RUSKIN AVE
417259,20jul2015,2015,7,20,235,HOMICIDE,6,71,5420,RUSKIN AVE
417366,20jul2015,2015,7,20,2115,HOMICIDE,6,69,4213,N NEWSTEAD AVE
418030,25jul2015,2015,7,25,255,HOMICIDE,6,56,3026,WHITTIER ST
418044,25jul2015,2015,7,25,820,HOMICIDE,6,66,2129,E COLLEGE AVE
418157,26jul2015,2015,7,26,245,HOMICIDE,6,56,3007,N NEWSTEAD AVE
418247,26jul2015,2015,7,26,2142,HOMICIDE,5,78,1402,GRANVILLE PL
418248,26jul2015,2015,7,26,2142,HOMICIDE,5,78,1402,GRANVILLE PL
419490,02aug2015,2015,8,2,430,HOMICIDE,5,50,2531,SEMPLE AVE
419492,02aug2015,2015,8,2,515,HOMICIDE,6,73,5920,ERA AVE
419626,03aug2015,2015,8,3,105,HOMICIDE,1,5,4100,BINGHAM AVE
419749,03aug2015,2015,8,3,2125,HOMICIDE,3,16,4102,NEBRASKA AVE
419876,04aug2015,2015,8,4,1945,HOMICIDE,6,55,4748,GREER AVE
419909,04aug2015,2015,8,4,2313,HOMICIDE,5,50,2545,SEMPLE AVE
420401,08aug2015,2015,8,8,500,HOMICIDE,6,71,4600,ROSALIE ST
420902,12aug2015,2015,8,12,250,HOMICIDE,6,56,4528,LABADIE AVE
421008,12aug2015,2015,8,12,2100,HOMICIDE,5,57,4422,MAFFITT AVE
421030,12aug2015,2015,8,12,2300,HOMICIDE,4,63,2718,BLAIR AVE
421036,13aug2015,2015,8,13,17,HOMICIDE,6,76,6039,SHULTE AVE
421037,13aug2015,2015,8,13,17,HOMICIDE,6,76,6039,SHULTE AVE
421424,15aug2015,2015,8,15,2043,HOMICIDE,4,60,2834,N 21ST ST
421699,17aug2015,2015,8,17,2112,HOMICIDE,5,53,785,AUBERT AVE
421831,18aug2015,2015,8,18,1937,HOMICIDE,5,56,2503,N TAYLOR AVE
432302,19aug2015,2015,8,19,1143,HOMICIDE,5,53,1241,WALTON
421955,19aug2015,2015,8,19,1815,HOMICIDE,4,65,4234,N 20TH ST
422110,21aug2015,2015,8,21,325,HOMICIDE,1,17,311,EICHELBERGER ST
422247,22aug2015,2015,8,22,400,HOMICIDE,6,66,2048,E OBEAR AVE
422526,24aug2015,2015,8,24,203,HOMICIDE,1,2,7600,S BROADWAY
423763,25aug2015,2015,8,25,721,HOMICIDE,5,53,1246,EUCLID
422823,26aug2015,2015,8,26,1713,HOMICIDE,6,70,4739,GOODFELLOW BLVD
422886,27aug2015,2015,8,27,104,HOMICIDE,3,18,3617,MARINE AVE
423355,30aug2015,2015,8,30,1925,HOMICIDE,3,30,3310,TEXAS AVE
424057,01sep2015,2015,9,1,2133,HOMICIDE,6,74,8455,NEWBY ST
424957,07sep2015,2015,9,7,2103,HOMICIDE,5,78,1481,SHAWMUT PL
425039,08sep2015,2015,9,8,1245,HOMICIDE,5,48,6015,SUBURBAN AVE
425245,09sep2015,2015,9,9,1937,HOMICIDE,6,74,8901,RIVERVIEW BLVD
425587,12sep2015,2015,9,12,156,HOMICIDE,5,55,49,COTE BRILLIANTE AVE
425596,12sep2015,2015,9,12,602,HOMICIDE,6,74,8959,NEWBY ST
425723,13sep2015,2015,9,13,925,HOMICIDE,6,76,6033,EMMA AVE
425844,14sep2015,2015,9,14,1052,HOMICIDE,6,71,5051,ARLINGTON AVE
425868,14sep2015,2015,9,14,1607,HOMICIDE,6,56,4451,LABADIE AVE
426080,16sep2015,2015,9,16,930,HOMICIDE,1,1,133,E KRAUSS ST
426400,18sep2015,2015,9,18,1418,HOMICIDE,1,16,4131,S GRAND BLVD
427025,23sep2015,2015,9,23,1145,HOMICIDE,3,16,3416,DUNNICA AVE
427105,23sep2015,2015,9,23,2249,HOMICIDE,6,74,854,CANAAN AVE
427242,25sep2015,2015,9,25,848,HOMICIDE,5,55,2709,MARCUS AVE
427453,26sep2015,2015,9,26,1845,HOMICIDE,1,80,3601,LOUGHBOROUGH AVE
427715,28sep2015,2015,9,28,2305,HOMICIDE,6,69,4145,SHREVE AVE
428488,01oct2015,2015,10,1,2220,HOMICIDE,6,69,4410,SEXAUER AVE
428696,03oct2015,2015,10,3,1900,HOMICIDE,6,74,8029,FREDERICK ST
429054,06oct2015,2015,10,6,1820,HOMICIDE,6,66,1966,E WARNE AVE
429139,07oct2015,2015,10,7,855,HOMICIDE,3,24,2019,S JEFFERSON AVE
429619,10oct2015,2015,10,10,1457,HOMICIDE,1,16,4718,S GRAND BLVD
429658,10oct2015,2015,10,10,2010,HOMICIDE,6,68,4115,W PENROSE ST
429736,11oct2015,2015,10,11,1540,HOMICIDE,4,59,3846,SAINT LOUIS AVE
430942,21oct2015,2015,10,21,200,HOMICIDE,5,78,1305,GOODFELLOW BLVD
431049,21oct2015,2015,10,21,2100,HOMICIDE,4,59,1804,N LEFFINGWELL AVE
431169,22oct2015,2015,10,22,2032,HOMICIDE,5,50,1911,GOODFELLOW BLVD
431170,22oct2015,2015,10,22,2032,HOMICIDE,5,50,1911,GOODFELLOW BLVD
431569,25oct2015,2015,10,25,2240,HOMICIDE,6,73,5971,GOODFELLOW BLVD
431799,27oct2015,2015,10,27,1910,HOMICIDE,5,52,2612,UNION BLVD
431949,28oct2015,2015,10,28,2237,HOMICIDE,1,5,4470,TAFT AVE
431950,28oct2015,2015,10,28,2237,HOMICIDE,1,5,4470,TAFT AVE
432091,30oct2015,2015,10,30,1457,HOMICIDE,4,77,3618,COOK AVE
432738,01nov2015,2015,11,1,1900,HOMICIDE,5,48,956,HAMILTON AVE
433042,03nov2015,2015,11,3,2344,HOMICIDE,3,24,2653,CALIFORNIA AVE
433043,03nov2015,2015,11,3,2344,HOMICIDE,3,24,2653,CALIFORNIA AVE
433602,08nov2015,2015,11,8,2015,HOMICIDE,4,59,3620,N GRAND BLVD
433606,08nov2015,2015,11,8,2210,HOMICIDE,6,72,5252,THRUSH AVE
434289,14nov2015,2015,11,14,1400,HOMICIDE,5,56,4613,N MARKET ST
434695,17nov2015,2015,11,17,2317,HOMICIDE,4,59,3714,HEBERT ST
434699,18nov2015,2015,11,18,135,HOMICIDE,3,33,1476,HICKORY LN
435242,22nov2015,2015,11,22,2230,HOMICIDE,4,67,3212,BARRETT ST
435505,25nov2015,2015,11,25,826,HOMICIDE,6,71,4902,EMERSON AVE
435891,29nov2015,2015,11,29,49,HOMICIDE,6,73,5979,RIVERVIEW BLVD
436051,30nov2015,2015,11,30,2355,HOMICIDE,4,67,4038,N GRAND BLVD
436493,02dec2015,2015,12,2,1209,HOMICIDE,4,63,3101,N 20TH ST
436495,02dec2015,2015,12,2,1250,HOMICIDE,6,56,2931,N NEWSTEAD AVE
436581,03dec2015,2015,12,3,208,HOMICIDE,5,52,5120,LABADIE AVE
436808,04dec2015,2015,12,4,1700,HOMICIDE,3,18,3509,ILLINOIS AVE
437289,08dec2015,2015,12,8,2150,HOMICIDE,4,59,3745,ST LOUIS AVE
437590,11dec2015,2015,12,11,1435,HOMICIDE,6,73,5939,GOODFELLOW BLVD
437821,13dec2015,2015,12,13,1004,HOMICIDE,4,59,3715,LINCOLN AVE
477204,15dec2015,2015,12,15,12,HOMICIDE,5,57,4400,KENNERLY
438543,19dec2015,2015,12,19,1840,HOMICIDE,6,72,5059,ALCOTT AVE
440630,08jan2016,2016,1,8,1912,HOMICIDE,4,59,2937,HEBERT ST
440865,10jan2016,2016,1,10,2231,HOMICIDE,4,61,1400,OFALLON ST
440866,10jan2016,2016,1,10,2231,HOMICIDE,4,61,1400,OFALLON ST
441031,12jan2016,2016,1,12,1045,HOMICIDE,4,65,1523,DESTREHAN ST
441163,13jan2016,2016,1,13,1513,HOMICIDE,4,62,1310,N 8TH ST
441687,17jan2016,2016,1,17,1530,HOMICIDE,5,50,5319,PATTON AVE
441770,18jan2016,2016,1,18,1040,HOMICIDE,5,56,4040,ST FERDINAND AVE
441834,18jan2016,2016,1,18,2125,HOMICIDE,6,71,5068,W FLORISSANT AVE
441840,18jan2016,2016,1,18,2225,HOMICIDE,4,60,2330,HEBERT ST
442247,23jan2016,2016,1,23,103,HOMICIDE,6,72,5590,W FLORISSANT AVE
442406,24jan2016,2016,1,24,1710,HOMICIDE,5,51,710,CLARENDON AVE
442974,30jan2016,2016,1,30,30,HOMICIDE,6,56,3927,GREER AVE
442976,30jan2016,2016,1,30,30,HOMICIDE,6,56,3927,GREER AVE
443010,30jan2016,2016,1,30,1300,HOMICIDE,6,73,9075,GOODFELLOW BLVD
443162,31jan2016,2016,1,31,2333,HOMICIDE,6,74,7934,CHURCH RD
444936,12feb2016,2016,2,12,120,HOMICIDE,6,55,3012,WALTON PL
445223,14feb2016,2016,2,14,2340,HOMICIDE,4,59,3745,ST LOUIS AVE
445941,21feb2016,2016,2,21,1300,HOMICIDE,1,5,4095,BOWEN ST
446126,23feb2016,2016,2,23,40,HOMICIDE,6,69,4719,BESSIE CT
447313,03mar2016,2016,3,3,139,HOMICIDE,3,21,816,GEYER AVE
447850,07mar2016,2016,3,7,1455,HOMICIDE,6,56,4225,W LABADIE AVE
447991,08mar2016,2016,3,8,1843,HOMICIDE,6,71,4541,N KINGSHIGHWAY BLVD
448224,10mar2016,2016,3,10,1745,HOMICIDE,2,9,7000,NOTTINGHAM AVE
448295,11mar2016,2016,3,11,1100,HOMICIDE,5,50,2529,SEMPLE AVE
448739,14mar2016,2016,3,14,2000,HOMICIDE,6,56,3964,NATURAL BRIDGE AVE
450955,19mar2016,2016,3,19,1411,HOMICIDE,5,38,410,S EUCLID AVE
449381,19mar2016,2016,3,19,1445,HOMICIDE,6,56,3904,LEXINGTON AVE
463479,22mar2016,2016,3,22,1219,HOMICIDE,6,56,4443,LABADIE
449782,23mar2016,2016,3,23,300,HOMICIDE,6,69,4820,ANDERSON AVE
449787,23mar2016,2016,3,23,719,HOMICIDE,5,58,4129,ENRIGHT AVE
449788,23mar2016,2016,3,23,719,HOMICIDE,5,58,4129,ENRIGHT AVE
449845,23mar2016,2016,3,23,1757,HOMICIDE,5,58,4262,W EVANS AVE
449948,24mar2016,2016,3,24,1525,HOMICIDE,5,38,4236,WEST PINE BLVD
450178,26mar2016,2016,3,26,1330,HOMICIDE,5,50,5864,TERRY AVE
450535,29mar2016,2016,3,29,1335,HOMICIDE,6,74,341,CHRISTIAN AVE
450649,30mar2016,2016,3,30,1400,HOMICIDE,6,76,5705,MIMIKA AVE
450704,30mar2016,2016,3,30,2307,HOMICIDE,2,15,3617,WINNEBAGO ST
451470,03apr2016,2016,4,3,2335,HOMICIDE,4,35,20,S 4TH ST
451483,04apr2016,2016,4,4,352,HOMICIDE,5,48,5903,CATES AVE
451735,05apr2016,2016,4,5,2214,HOMICIDE,6,74,517,ANTELOPE ST
452397,11apr2016,2016,4,11,1700,HOMICIDE,6,76,4847,RIVERVIEW BLVD
452431,11apr2016,2016,4,11,2100,HOMICIDE,4,65,3715,N 23RD ST
452765,14apr2016,2016,4,14,1235,HOMICIDE,1,17,4746,S COMPTON AVE
452887,15apr2016,2016,4,15,910,HOMICIDE,4,63,2711,HADLEY ST
452888,15apr2016,2016,4,15,910,HOMICIDE,4,63,2711,HADLEY ST
453285,18apr2016,2016,4,18,1150,HOMICIDE,3,19,3707,CALIFORNIA AVE
453386,19apr2016,2016,4,19,545,HOMICIDE,5,54,4747,MCMILLAN AVE
477216,19apr2016,2016,4,19,1138,HOMICIDE,4,59,2764,BACON
453570,20apr2016,2016,4,20,1411,HOMICIDE,5,51,5212,VERNON AVE
453774,22apr2016,2016,4,22,1105,HOMICIDE,4,65,1423,NEWHOUSE AVE
453862,23apr2016,2016,4,23,50,HOMICIDE,3,30,2917,S JEFFERSON AVE
453984,23apr2016,2016,4,23,2200,HOMICIDE,6,72,5227,GENEVIEVE AVE
454104,24apr2016,2016,4,24,2304,HOMICIDE,1,17,4209,IOWA AVE
454316,26apr2016,2016,4,26,1549,HOMICIDE,5,51,5051,MINERVA AVE
454453,27apr2016,2016,4,27,2154,HOMICIDE,2,15,4274,HUMPHREY ST
454460,27apr2016,2016,4,27,2239,HOMICIDE,6,72,4977,PLOVER AVE
454669,29apr2016,2016,4,29,2110,HOMICIDE,6,72,5467,GILMORE AVE
454681,29apr2016,2016,4,29,2304,HOMICIDE,6,72,5010,WREN AVE
455121,30apr2016,2016,4,30,2240,HOMICIDE,3,18,3854,S 1ST ST
455163,01may2016,2016,5,1,925,HOMICIDE,6,73,6041,W FLORISSANT AVE
455506,04may2016,2016,5,4,43,HOMICIDE,5,50,3690,HAMILTON AVE
457066,15may2016,2016,5,15,2138,HOMICIDE,1,17,3009,DAKOTA ST
457584,20may2016,2016,5,20,323,HOMICIDE,6,68,4126,W FLORISSANT AVE
457866,22may2016,2016,5,22,443,HOMICIDE,6,56,4422,ELMBANK AVE
457867,22may2016,2016,5,22,443,HOMICIDE,6,56,4422,ELMBANK AVE
457868,22may2016,2016,5,22,443,HOMICIDE,6,56,4422,ELMBANK AVE
457966,22may2016,2016,5,22,2229,HOMICIDE,4,35,1110,WASHINGTON AVE
458170,24may2016,2016,5,24,1307,HOMICIDE,6,75,10900,RIVERVIEW DR
458225,24may2016,2016,5,24,2014,HOMICIDE,6,55,4938,NATURAL BRIDGE AVE
458536,27may2016,2016,5,27,209,HOMICIDE,5,50,5894,WABADA AVE
458627,27may2016,2016,5,27,2139,HOMICIDE,4,65,4017,GLASGOW AVE
458721,28may2016,2016,5,28,1349,HOMICIDE,6,56,4446,LABADIE AVE
458745,28may2016,2016,5,28,1700,HOMICIDE,6,69,4511,MARGARETTA AVE
459462,30may2016,2016,5,30,2232,HOMICIDE,4,35,900,SPRUCE ST
459851,03jun2016,2016,6,3,1830,HOMICIDE,6,71,4947,W FLORISSANT AVE
460508,08jun2016,2016,6,8,1521,HOMICIDE,3,19,3707,CALIFORNIA AVE
460581,09jun2016,2016,6,9,118,HOMICIDE,5,38,4545,OLIVE ST
460667,09jun2016,2016,6,9,1900,HOMICIDE,5,78,1368,BURD AVE
460670,09jun2016,2016,6,9,1900,HOMICIDE,5,78,1368,BURD AVE
460692,09jun2016,2016,6,9,2120,HOMICIDE,1,16,3517,BINGHAM AVE
461082,12jun2016,2016,6,12,2155,HOMICIDE,1,16,4670,S SPRING AVE
461200,13jun2016,2016,6,13,2048,HOMICIDE,5,56,4602,COTTAGE AVE
461285,14jun2016,2016,6,14,1445,HOMICIDE,6,76,5577,ERA AVE
461404,15jun2016,2016,6,15,352,HOMICIDE,6,71,5014,W FLORISSANT AVE
463198,28jun2016,2016,6,28,1455,HOMICIDE,4,77,1501,N VANDEVENTER AVE
463354,29jun2016,2016,6,29,2355,HOMICIDE,4,63,1455,CLINTON ST
463357,30jun2016,2016,6,30,30,HOMICIDE,3,30,2922,TEXAS AVE
463358,30jun2016,2016,6,30,30,HOMICIDE,3,30,2922,TEXAS AVE
463394,30jun2016,2016,6,30,1502,HOMICIDE,5,50,5343,COTE BRILLIANTE AVE
463725,30jun2016,2016,6,30,1502,HOMICIDE,5,50,5343,COTE BRILLIANTE AVE
463807,01jul2016,2016,7,1,1023,HOMICIDE,4,64,101,PENROSE ST
464056,02jul2016,2016,7,2,2330,HOMICIDE,5,58,4185,ENRIGHT AVE
464260,04jul2016,2016,7,4,1149,HOMICIDE,5,58,4263,W PAGE BLVD
464261,04jul2016,2016,7,4,1149,HOMICIDE,5,58,4263,W PAGE BLVD
464335,04jul2016,2016,7,4,2145,HOMICIDE,6,76,5538,ERA AVE
464336,04jul2016,2016,7,4,2145,HOMICIDE,6,76,5538,ERA AVE
464347,04jul2016,2016,7,4,2232,HOMICIDE,3,33,1450,LASALLE LN
464788,08jul2016,2016,7,8,100,HOMICIDE,2,29,3845,FOLSOM AVE
464796,08jul2016,2016,7,8,205,HOMICIDE,1,2,8209,S BROADWAY
464932,09jul2016,2016,7,9,220,HOMICIDE,4,60,2572,NATURAL BRIDGE AVE
465598,13jul2016,2016,7,13,2230,HOMICIDE,3,19,3009,MIAMI ST
465600,13jul2016,2016,7,13,2230,HOMICIDE,3,19,3009,MIAMI ST
465623,14jul2016,2016,7,14,145,HOMICIDE,1,1,112,BELLERIVE BLVD
465907,16jul2016,2016,7,16,152,HOMICIDE,5,50,5343,THEODOSIA AVE
465918,16jul2016,2016,7,16,221,HOMICIDE,4,59,3101,N GRAND BLVD
466017,16jul2016,2016,7,16,2052,HOMICIDE,4,59,0,N SPRING AVE / SULLIVAN AVE
467619,29jul2016,2016,7,29,200,HOMICIDE,4,59,3744,ALDINE AVE
468422,31jul2016,2016,7,31,2240,HOMICIDE,6,55,4830,LABADIE AVE
468628,02aug2016,2016,8,2,936,HOMICIDE,5,56,3916,SAINT FERDINAND AVE
468629,02aug2016,2016,8,2,936,HOMICIDE,5,56,3916,SAINT FERDINAND AVE
468751,03aug2016,2016,8,3,355,HOMICIDE,5,52,5203,MAFFITT AVE
468969,04aug2016,2016,8,4,1855,HOMICIDE,5,50,5347,TERRY AVE
469321,07aug2016,2016,8,7,330,HOMICIDE,2,39,4244,CHOUTEAU AVE
469322,07aug2016,2016,8,7,330,HOMICIDE,2,39,4244,CHOUTEAU AVE
469500,08aug2016,2016,8,8,1310,HOMICIDE,5,38,3958,WASHINGTON AVE
469985,11aug2016,2016,8,11,2345,HOMICIDE,5,46,5804,DEGIVERVILLE AVE
469994,12aug2016,2016,8,12,57,HOMICIDE,3,18,0,GASCONADE ST / I 55 SOUTHBOUND
470076,12aug2016,2016,8,12,1730,HOMICIDE,2,9,6746,PLAINVIEW AVE
470116,12aug2016,2016,8,12,2125,HOMICIDE,5,50,5750,NATURAL BRIDGE AVE
470144,12aug2016,2016,8,12,2310,HOMICIDE,5,78,5634,MINERVA AVE
470340,14aug2016,2016,8,14,10,HOMICIDE,5,51,5064,DR MARTIN LUTHER KING DR
470345,14aug2016,2016,8,14,102,HOMICIDE,4,60,2901,N FLORISSANT AVE
470538,15aug2016,2016,8,15,1557,HOMICIDE,6,76,5666,HILLER PL
470722,16aug2016,2016,8,16,2030,HOMICIDE,6,74,8847,N BROADWAY
470763,17aug2016,2016,8,17,203,HOMICIDE,1,17,2800,MOUNT PLEASANT ST
471236,20aug2016,2016,8,20,1510,HOMICIDE,6,68,5349,ALGERNON ST
471566,22aug2016,2016,8,22,2155,HOMICIDE,2,39,4447,GIBSON AVE
471589,23aug2016,2016,8,23,110,HOMICIDE,4,60,1610,HOGAN ST
471835,24aug2016,2016,8,24,1800,HOMICIDE,1,16,3772,KEOKUK ST
471914,25aug2016,2016,8,25,450,HOMICIDE,3,16,3475,MONTANA ST
472367,28aug2016,2016,8,28,602,HOMICIDE,3,16,3469,MONTANA ST
472368,28aug2016,2016,8,28,602,HOMICIDE,3,16,3469,MONTANA ST
472470,28aug2016,2016,8,28,2111,HOMICIDE,5,51,5285,PAGE BLVD
472632,30aug2016,2016,8,30,455,HOMICIDE,6,72,5520,PARTRIDGE AVE
472798,31aug2016,2016,8,31,1317,HOMICIDE,5,55,2145,N KINGSHIGHWAY BLVD
477374,02sep2016,2016,9,2,1930,HOMICIDE,6,74,916,HARLAN AVE
473438,03sep2016,2016,9,3,156,HOMICIDE,5,51,5019,MAPLE AVE
473439,03sep2016,2016,9,3,156,HOMICIDE,5,51,5019,MAPLE AVE
473906,06sep2016,2016,9,6,48,HOMICIDE,4,59,2805,GAMBLE ST
474373,09sep2016,2016,9,9,1731,HOMICIDE,1,1,418,MOTT ST
474449,10sep2016,2016,9,10,329,HOMICIDE,4,59,2930,NATURAL BRIDGE AVE
474450,10sep2016,2016,9,10,329,HOMICIDE,4,59,2930,NATURAL BRIDGE AVE
474823,12sep2016,2016,9,12,2200,HOMICIDE,5,38,455,N SARAH ST
475001,14sep2016,2016,9,14,247,HOMICIDE,5,38,4960,LACLEDE AVE
475204,15sep2016,2016,9,15,1945,HOMICIDE,4,59,2733,DODIER ST
475270,16sep2016,2016,9,16,918,HOMICIDE,6,56,4125,E LEXINGTON AVE
475450,17sep2016,2016,9,17,1630,HOMICIDE,4,59,2431,BACON ST
475661,19sep2016,2016,9,19,647,HOMICIDE,6,69,4425,ANDERSON AVE
476449,24sep2016,2016,9,24,2200,HOMICIDE,3,16,4000,CALIFORNIA AVE
477188,30sep2016,2016,9,30,2123,HOMICIDE,5,48,1225,UNION BLVD
477868,02oct2016,2016,10,2,2308,HOMICIDE,4,59,2600,NATURAL BRIDGE AVE
478432,06oct2016,2016,10,6,2120,HOMICIDE,6,68,4500,ADELAIDE AVE
478943,10oct2016,2016,10,10,2200,HOMICIDE,1,17,4516,PENNSYLVANIA AVE
478947,10oct2016,2016,10,10,2200,HOMICIDE,1,17,4516,PENNSYLVANIA AVE
479617,15oct2016,2016,10,15,2225,HOMICIDE,5,48,6062,CATES AVE
479634,16oct2016,2016,10,16,35,HOMICIDE,6,56,4100,LEXINGTON AVE
480060,19oct2016,2016,10,19,655,HOMICIDE,5,50,3630,HAMILTON AVE
480284,20oct2016,2016,10,20,2315,HOMICIDE,5,51,5194,KENSINGTON AVE
480788,24oct2016,2016,10,24,1957,HOMICIDE,6,68,4337,LEE AVE
485729,24oct2016,2016,10,24,2218,HOMICIDE,6,68,4111,LEE
481032,26oct2016,2016,10,26,1605,HOMICIDE,5,56,4520,SAINT LOUIS AVE
481234,27oct2016,2016,10,27,2301,HOMICIDE,6,69,4841,MARGARETTA AVE
481235,27oct2016,2016,10,27,2301,HOMICIDE,6,69,4841,MARGARETTA AVE
481456,29oct2016,2016,10,29,1645,HOMICIDE,4,59,3616,SULLIVAN AVE
482164,01nov2016,2016,11,1,1550,HOMICIDE,1,5,4187,TAFT AVE
482166,01nov2016,2016,11,1,1550,HOMICIDE,1,5,4187,TAFT AVE
482206,01nov2016,2016,11,1,2049,HOMICIDE,5,50,5520,NATURAL BRIDGE AVE
482288,02nov2016,2016,11,2,955,HOMICIDE,3,18,2000,WINNEBAGO ST
482358,02nov2016,2016,11,2,2140,HOMICIDE,6,69,4452,SAN FRANCISCO AVE
483199,09nov2016,2016,11,9,1436,HOMICIDE,1,1,0,HOLLY HILLS AVE / I 55 SOUTHBO
483481,11nov2016,2016,11,11,1908,HOMICIDE,6,71,5012,EMERSON AVE
484283,17nov2016,2016,11,17,1950,HOMICIDE,2,27,4201,SHAW BLVD
484357,18nov2016,2016,11,18,1400,HOMICIDE,4,62,1504,PRESERVATION PL
484457,19nov2016,2016,11,19,530,HOMICIDE,1,2,538,POEPPING ST
485840,20nov2016,2016,11,20,1926,HOMICIDE,2,9,3547,HAMPTON AVE
484637,20nov2016,2016,11,20,2213,HOMICIDE,6,71,5201,N EUCLID AVE
484737,21nov2016,2016,11,21,2058,HOMICIDE,1,1,614,FASSEN ST
484834,22nov2016,2016,11,22,1908,HOMICIDE,5,56,4001,GARFIELD AVE
485486,29nov2016,2016,11,29,1352,HOMICIDE,6,74,1155,HOWELL ST
486283,03dec2016,2016,12,3,1257,HOMICIDE,5,46,5869,DE GIVERVILLE AVE
486297,03dec2016,2016,12,3,1555,HOMICIDE,1,17,4318,OREGON AVE
486510,05dec2016,2016,12,5,1212,HOMICIDE,3,22,0,ARSENAL ST / I 55 SOUTHBOUND
486560,05dec2016,2016,12,5,1825,HOMICIDE,6,72,5400,RIVERVIEW BLVD
486887,08dec2016,2016,12,8,1759,HOMICIDE,3,31,1407,OHIO AVE
486893,08dec2016,2016,12,8,1805,HOMICIDE,5,48,5526,ETZEL AVE
486930,09dec2016,2016,12,9,15,HOMICIDE,6,74,9102,HALLS FERRY RD
487070,10dec2016,2016,12,10,346,HOMICIDE,5,58,4356,EVANS AVE
488092,19dec2016,2016,12,19,1730,HOMICIDE,6,74,8960,RIVERVIEW BLVD
488475,22dec2016,2016,12,22,2151,HOMICIDE,4,65,2004,DESTREHAN ST
488505,23dec2016,2016,12,23,618,HOMICIDE,4,59,3034,DR MARTIN LUTHER KING DR
488863,26dec2016,2016,12,26,2135,HOMICIDE,6,56,4442,LEXINGTON AVE
489043,28dec2016,2016,12,28,1258,HOMICIDE,4,60,1825,WARREN ST
489173,29dec2016,2016,12,29,1641,HOMICIDE,5,58,4061,DELMAR BLVD
489299,30dec2016,2016,12,30,1655,HOMICIDE,2,42,1007,ART HILL PL
489370,31dec2016,2016,12,31,1240,HOMICIDE,1,16,4414,S SPRING AVE
